,year,title,speaker
1,1951,サンフランシスコ平和会議における吉田茂総理大臣の受諾演説,吉田茂
2,1957,岸信介内閣総理大臣のナショナルプレスクラブにおける演説,岸信介
3,1961,池田勇人内閣総理大臣ナショナルプレスクラブ演説,池田勇人
4,1961,池田勇人内閣総理大臣の米議会における挨拶,池田勇人
5,1964,明日へのたたかい，未来からの呼びかけにこたえて（佐藤内閣政策文書）,佐藤栄作
6,1964,佐藤内閣発足に際しての佐藤内閣総理大臣の談話,佐藤栄作
7,1965,佐藤栄作内閣総理大臣のナショナルプレスクラブにおける演説,佐藤栄作
8,1965,佐藤栄作内閣総理大臣の沖縄訪問に際してのステートメント,佐藤栄作
9,1965,「国政に関する公聴会」（金沢）における佐藤内閣総理大臣の発言,佐藤栄作
10,1966,大阪における佐藤内閣総理大臣の経済講演,佐藤栄作
11,1966,国政に関する公聴会（札幌）における佐藤内閣総理大臣演説,佐藤栄作
12,1967,国政に関する公聴会（和歌山）における佐藤内閣総理大臣の演説,佐藤栄作
13,1967,故吉田茂国葬儀における佐藤内閣総理大臣の追悼の辞,佐藤栄作
14,1967,佐藤栄作内閣総理大臣ナショナルプレスクラブ演説,佐藤栄作
15,1967,ニューヨーク日米協会等四団体共催晩餐会における佐藤内閣総理大臣演説,佐藤栄作
16,1968,「国政に関する公聴会」における佐藤内閣総理大臣演説,佐藤栄作
17,1969,ＡＳＰＡＣにおける佐藤栄作内閣総理大臣挨拶,佐藤栄作
18,1969,佐藤栄作内閣総理大臣の外人記者クラブにおける演説,佐藤栄作
19,1969,新聞協会主催全国編集者会議における佐藤内閣総理大臣の挨拶,佐藤栄作
20,1969,「国政に関する公聴会」における佐藤内閣総理大臣の演説,佐藤栄作
21,1969,ナショナル・プレス・クラブにおける佐藤栄作内閣総理大臣演説,佐藤栄作
22,1970,日本記者クラブにおける佐藤内閣総理大臣の演説，国際的な広がりをもった内政の十年，一九七〇年代について,佐藤栄作
24,1970,米国財界人との懇談会における佐藤内閣総理大臣のあいさつ,佐藤栄作
25,1970,国連２５周年記念会期における佐藤栄作内閣総理大臣演説,佐藤栄作
26,1971,「国政に関する公聴会」における佐藤内閣総理大臣の演説，新しい国際協調の時代,佐藤栄作
27,1972,バングラデシュ承認にあたつての福田外務大臣談話,
28,1972,新しい政治を目指して（田中内閣総理大臣）,田中角栄
29,1972,田中内閣総理大臣談話,田中角栄
31,1972,日本列島改造問題懇談会における田中内閣総理大臣挨拶,田中角栄
32,1973,故石橋湛山氏葬儀における田中内閣総理大臣弔詞,田中角栄
33,1973,日本記者クラブにおける田中内閣総理大臣挨拶,田中角栄
34,1973,ナショナル・プレス・クラブにおける田中角栄内閣総理大臣演説,田中角栄
36,1973,ガット閣僚会議における田中内閣総理大臣スピーチ,田中角栄
37,1973,全国知事会議における田中内閣総理大臣説示,田中角栄
39,1973,東南アジア開発閣僚会議における田中内閣総理大臣スピーチ,田中角栄
40,1973,ラーマン・バングラディシュ首相歓迎晩餐会における田中内閣総理大臣スピーチ,田中角栄
41,1973,物価安定政策会議第4回総会における田中内閣総理大臣挨拶,田中角栄
42,1974,マルコス・フィリピン大統領主催晩餐会における田中角栄内閣総理大臣スピーチ,田中角栄
43,1974,サンヤー・タイ首相主催晩餐会における田中角栄内閣総理大臣スピーチ,田中角栄
44,1974,リー・クァン・ユー・シンガポール首相主催晩餐会における田中角栄内閣総理大臣スピーチ,田中角栄
45,1974,ラザク・マレイシア首相主催晩餐会における田中角栄内閣総理大臣スピーチ,田中角栄
46,1974,スハルト・インドネシア大統領主催晩餐会における田中角栄内閣総理大臣スピーチ,田中角栄
47,1974,「田中総理を励ます県人の集い」における田中内閣総理大臣挨拶,田中角栄
48,1974,経団連第三十五回定時総会における田中内閣総理大臣挨拶,田中角栄
49,1974,トロント大学名誉学位授与式における田中角栄内閣総理大臣スピーチ,田中角栄
50,1974,全国都道府県知事会議における田中内閣総理大臣説示,田中角栄
51,1974,外国特派員協会における田中内閣総理大臣スピーチ,田中角栄
52,1975,佐藤栄作元首相葬儀の際の三木内閣総理大臣弔辞,三木武夫
53,1975,故佐藤栄作国民葬儀における三木内閣総理大臣の追悼の辞,三木武夫
54,1975,ナショナル・プレスクラブにおける三木武夫内閣総理大臣演説—平和への創造的協力,三木武夫
55,1975,日米協会における三木武夫内閣総理大臣演説—未来への展望,三木武夫
56,1975,内外情勢調査会第十八回全国年次大会における三木内閣総理大臣講演,三木武夫
57,1975,全国都道府県知事会議における三木内閣総理大臣の挨拶,三木武夫
58,1976,外国特派員協会における三木内閣総理大臣演説,三木武夫
59,1976,日本記者クラブにおける三木内閣総理大臣の講演,三木武夫
60,1976,毛沢東・中国共産党中央委員会首席逝去に当たって（三木内閣総理大臣）,三木武夫
61,1976,内外情勢調査会全国大会における三木内閣総理大臣の講演,三木武夫
62,1976,自由民主党青年部総決起大会における三木内閣総理大臣の講演,三木武夫
63,1976,三木内閣総理大臣によるバンダラナイケ首相（スリ・ランカ）歓迎晩餐会における挨拶,三木武夫
64,1977,ナショナル・プレス・クラブにおける福田赳夫内閣総理大臣のスピーチ,福田赳夫
66,1977,全国都道府県知事会議における福田内閣総理大臣の挨拶,福田赳夫
67,1978,日本記者クラブにおける福田内閣総理大臣の講演,福田赳夫
68,1978,福田赳夫内閣総理大臣のニューヨークにおける演説（２１世紀に向つての日米協力）,福田赳夫
69,1978,日本の当面する内外の諸問題（福田内閣総理大臣）,福田赳夫
70,1978,福田赳夫内閣総理大臣の日欧関係に関するスピーチ,福田赳夫
71,1978,当面の内外施策（福田内閣総理大臣）,福田赳夫
73,1978,座談会「円熟の時代を考える」（大平内閣総理大臣）,大平正芳
74,1979,平和な八〇年代へ準備の年（四国新聞新年座談会より）（大平内閣総理大臣）,大平正芳
75,1979,在日外国人記者クラブにおける大平総理大臣のスピーチ,大平正芳
76,1979,日米欧委員会第１０回東京総会における大平内閣正芳総理大臣のスピーチ,大平正芳
77,1979,地方の時代（東京１２チャンネル「総理と語る」の一部）（大平内閣総理大臣）,大平正芳
78,1979,ナショナル・プレス・クラブにおける大平正芳内閣総理大臣のスピーチ,大平正芳
79,1979,第５回ＵＮＣＴＡＤ総会における大平正芳内閣総理大臣の一般演説,大平正芳
80,1979,座談会（日本テレビ「総理と語る」），大平さんの東京サミットレポート（サミットに関する部分）（大平内閣総理大臣）,大平正芳
81,1979,明るい日本の未来（香川県における大平内閣総理大臣の記念講演）,大平正芳
82,1979,"対談「""こんにちは""大平さん（抄）」（大平内閣総理大臣）",大平正芳
83,1979,選択のとき(抄）（ＮＨＫ「総理にきく」）（大平内閣総理大臣）,大平正芳
84,1979,対談「エネルギー新時代への対応（抄）」（大平内閣総理大臣）,大平正芳
85,1979,一九八〇年代の新しい選択（第三回自由民主党夏期全国研修会における大平内閣総理大臣の講演）,大平正芳
86,1979,当面の内外施策（内外情勢調査会における大平内閣総理大臣の講演）,大平正芳
87,1979,故椎名悦三郎氏に対する自由民主党葬における大平内閣総理大臣の弔辞,大平正芳
88,1979,大平正芳内閣総理大臣の中国訪問の際の政協礼堂における公開演説,大平正芳
89,1979,「大平さん，ざっくばらんにいきますよ」（抄）（フジテレビ「総理と語る」）（大平内閣総理大臣）,大平正芳
90,1980,座談会「確かな八〇年代の構築‐大切な国際化時代の自覚と責任‐（抄）」（大平内閣総理大臣）,大平正芳
91,1980,大平正芳内閣総理大臣のメルボルンにおける演説,大平正芳
92,1980,大平正芳内閣総理大臣のオークランドにおける演説,大平正芳
93,1980,ロペス・ポルティーリョ・メキシコ大統領夫妻主催晩餐会における大平正芳内閣総理大臣スピーチ,大平正芳
94,1980,カナダ連邦議会における大平正芳内閣総理大臣演説,大平正芳
95,1980,対談「調和の国日本に」（大平内閣総理大臣）,大平正芳
96,1981,鈴木善幸内閣総理大臣のバンコクにおける政策演説（バンコク・スピーチ）,鈴木善幸
97,1981,ナショナル・プレス・クラブにおける鈴木善幸内閣総理大臣演説,鈴木善幸
98,1981,英国王立国際問題研究所における鈴木善幸内閣総理大臣演説−新たな日欧関係を目指して,鈴木善幸
99,1981,第５回日米関係民間会議（下田会議）における鈴木善幸内閣総理大臣演説−アジアの挑戦−,鈴木善幸
100,1982,第２回国連軍縮特別総会一般討論における鈴木善幸内閣総理大臣演説,鈴木善幸
101,1982,東西センターにおける鈴木善幸内閣総理大臣の演説,鈴木善幸
102,1982,ガンジー・インド首相歓迎晩餐会における鈴木内閣総理大臣の挨拶,鈴木善幸
103,1982,全国都道府県知事会議における鈴木内閣総理大臣の挨拶,鈴木善幸
104,1982,政協礼堂における鈴木善幸内閣総理大臣の日中国交正常化十周年記念講演—「豊かな交流と揺るぎない友好」—,鈴木善幸
105,1982,ブレジネフ・ソ連邦最高会議幹部会議長の逝去に際して（鈴木内閣総理大臣）,鈴木善幸
106,1983,ＡＳＥＡＮ歴訪の中曽根康弘内閣総理大臣のクアラルンプール・スピーチ,中曽根康弘
107,1983,新しい豊かさをめざす経済運営，高度情報社会実現への五原則（中曽根内閣総理大臣）,中曽根康弘
108,1983,ジョンズ・ホプキンス大学高等国際問題研究所卒業式における中曽根康弘内閣総理大臣演説,中曽根康弘
109,1983,ニューヨーク日本協会における中曽根康弘内閣総理大臣の演説,中曽根康弘
110,1983,高崎高等学校における講演，政治を志す若い諸君へ（中曽根内閣総理大臣）,中曽根康弘
111,1984,中曽根康弘内閣総理大臣の北京大学における講演,中曽根康弘
112,1984,中曽根康弘内閣総理大臣のインド議会における演説,中曽根康弘
113,1984,ガンジー首相主催晩餐会におけるスピーチ，相対主義と共存の哲学（中曽根内閣総理大臣）,中曽根康弘
114,1984,国際戦略問題研究所における中曽根康弘内閣総理大臣演説,中曽根康弘
115,1984,第五十五回全国経営者大会における講演，国際情勢の展望と日本の進路，地平線をこえて（中曽根内閣総理大臣）,中曽根康弘
116,1984,第四回軽井沢セミナーにおける講演，新しい成長の道（中曽根内閣総理大臣）,中曽根康弘
117,1984,第八回全国研修会における講演，新しい成長の道を考える（中曽根内閣総理大臣）,中曽根康弘
118,1985,豪州ナショナル・プレス・クラブにおける中曽根康弘内閣総理大臣演説,中曽根康弘
119,1985,読売国際経済懇話会での講演，今年の課題と日本の方針，経済体質の改革を断行する（中曽根内閣総理大臣）,中曽根康弘
120,1985,ベルリン日独センター・レセプションにおける中曽根康弘内閣総理大臣のスピーチ,中曽根康弘
121,1985,中曽根康弘内閣総理大臣のソルボンヌ大学における講演,中曽根康弘
122,1985,第五回軽井沢セミナーにおける講演，新しい日本の主体性（中曽根内閣総理大臣）,中曽根康弘
123,1985,第九回全国研修会における講演，「中曽根流政治」をさらに推進，時代のテンポとリズムに合わせた政治（中曽根内閣総理大臣）,中曽根康弘
124,1985,内外情勢調査会第二十八回全国年次大会における講演，国際情勢の展望と日本の進路（中曽根内閣総理大臣）,中曽根康弘
125,1985,国連創立４０周年記念会期における中曽根康弘内閣総理大臣演説,中曽根康弘
126,1986,中曽根康弘内閣総理大臣のカナダ連邦議会におけるスピーチ,中曽根康弘
127,1986,衆・参同日選挙に際してのＮＨＫ「党首は訴える」，国際国家日本の道標（中曽根内閣総理大臣）,中曽根康弘
128,1986,第六回軽井沢セミナーにおける中曽根内閣総理大臣の講演，新時代を築く自民党の使命，一九八六年体制のスタート,中曽根康弘
129,1986,第十回全国研修会における中曽根内閣総理大臣の講演，グレー・ゾーンへのアピール，改革者の政党,中曽根康弘
130,1986,読売国際経済懇話会での講演，レイキャビクとその後（中曽根内閣総理大臣）,中曽根康弘
132,1987,制改革推進全国会議における中曽根内閣総理大臣の講演，税制改革について訴える,中曽根康弘
133,1987,第七回軽井沢セミナーにおける中曽根内閣総理大臣の講演，民族主義と国際主義の調和を,中曽根康弘
134,1987,第十一回全国研修会での中曽根内閣総理大臣の講演，戦後政治の総決算とは何か，中曽根政治の原点と展開,中曽根康弘
135,1987,「故岸信介」内閣・自由民主党合同葬儀における中曽根内閣総理大臣の追悼の辞,中曽根康弘
136,1987,第４２回国連総会一般討論における中曽根康弘内閣総理大臣演説,中曽根康弘
137,1987,チュラロンコーン大学名誉政治学博士号授与式における中曽根内閣総理大臣のスピーチ，新世紀のアジア，活力と調和の時代へ,中曽根康弘
138,1987,組閣に際して（竹下内閣総理大臣）,竹下登
139,1988,年頭の挨拶（竹下内閣総理大臣）,竹下登
140,1988,ナショナル・プレス・クラブにおける竹下登内閣総理大臣演説「日米のグローバル・パートナーシップを目指して──世界に貢献する日本」,竹下登
141,1988,大隈重信生誕百五十年記念講演「建学の精神を継承して，今こそ新しい早稲田百年の第一歩を」（竹下内閣総理大臣）,竹下登
142,1988,社会経済国民会議における竹下内閣総理大臣の挨拶,竹下登
143,1988,インド祭開会式における竹下内閣総理大臣の挨拶,竹下登
144,1988,ロンドン市長主催午餐会における竹下登内閣総理大臣スピーチ「日欧新時代の開幕」,竹下登
145,1988,第３回国連軍縮特別総会一般討論における竹下登内閣総理大臣演説,竹下登
146,1988,シカゴ日米協会主催晩餐会における竹下登内閣総理大臣演説「日米関係の新たなる飛躍—世界への貢献を目指して」,竹下登
147,1988,青年経済人東京会議式典における竹下内閣総理大臣の挨拶,竹下登
148,1988,竹下登内閣総理大臣の西安記念講演「新たなる飛躍をめざして」,竹下登
149,1988,税制改革懇談会における竹下内閣総理大臣の挨拶,竹下登
150,1988,「故　三木武夫氏」衆議院・内閣合同葬儀における竹下内閣総理大臣の追悼の辞,竹下登
151,1989,大行天皇崩御に際しての竹下内閣総理大臣の謹話,竹下登
152,1989,即位後朝見の儀における竹下内閣総理大臣の奉答文,竹下登
153,1989,新しい元号「平成」について（竹下内閣総理大臣）,竹下登
154,1989,経済団体連合会第四百八十一回常任理事会における竹下内閣総理大臣の挨拶,竹下登
155,1989,税制・ふるさと創生・日本の将来を語る（竹下内閣総理大臣）,竹下登
156,1989,経済団体連合会臨時総会における竹下内閣総理大臣の挨拶,竹下登
157,1989,「大喪の礼」御式における竹下内閣総理大臣の弔辞,竹下登
158,1989,平成の出発は「ふるさと創生」から（竹下内閣総理大臣）,竹下登
159,1989,国民の皆様へ（竹下内閣総理大臣）,竹下登
160,1989,竹下登内閣総理大臣のＡＳＥＡＮ諸国訪問における政策演説「共に考え共に歩むー日本とＡＳＥＡＮ」,竹下登
161,1989,内閣総辞職に当たって（竹下内閣総理大臣）,竹下登
162,1989,組閣に際しての宇野内閣総理大臣談話,宇野宗佑
163,1989,内閣総辞職に当たっての宇野内閣総理大臣談話,宇野宗佑
164,1989,組閣（第一次）に際して（海部内閣総理大臣）,海部俊樹
165,1989,ナショナル・プレス・クラブにおける海部俊樹内閣総理大臣の演説,海部俊樹
166,1989,第十三回全国研修会における講演，「対話と改革の政治」をめざして（海部内閣総理大臣）,海部俊樹
167,1989,早稲田大学における海部俊樹内閣総理大臣の記念講演,海部俊樹
168,1990,ベルリンにおける海部俊樹内閣総理大臣演説,海部俊樹
169,1990,組閣（第二次）に際して（海部内閣総理大臣）,海部俊樹
170,1990,シン首相主催晩餐会における海部内閣総理大臣の挨拶,海部俊樹
171,1990,ニューデリーにおける海部俊樹内閣総理大臣政策演説「日本と南西アジア—平和と繁栄のための対話と協力関係を求めて」,海部俊樹
172,1990,エルシャド大統領主催晩餐会における海部内閣総理大臣の挨拶,海部俊樹
173,1990,メグナ橋完工式における海部内閣総理大臣の挨拶,海部俊樹
174,1990,ブットー首相主催晩餐会における海部内閣総理大臣の挨拶,海部俊樹
175,1990,プレマダーサ大統領ご夫妻主催晩餐会における海部内閣総理大臣の挨拶,海部俊樹
176,1990,ジョージア日米協会主催晩餐会における海部俊樹内閣総理大臣演説,海部俊樹
177,1990,第六十七回夏期全国経営者大会における特別講演，「二十一世紀への日本の選択」（海部内閣総理大臣）,海部俊樹
178,1990,第九回自由民主党軽井沢セミナーにおける講演，内政の四本柱と真正面から取り組む（海部内閣総理大臣）,海部俊樹
179,1990,第十四回全国研修会における講演，二十一世紀への世界平和と安定を目指して（海部内閣総理大臣）,海部俊樹
180,1990,即位礼正殿の儀における海部内閣総理大臣の寿詞,海部俊樹
181,1990,天皇陛下御即位奉祝大パレードにおける海部内閣総理大臣の祝辞,海部俊樹
182,1991,湾岸危機に関する資料，湾岸危機に関連する重大緊急事態への対処についての海部内閣総理大臣演説,海部俊樹
183,1991,第五十三回自由民主党大会における海部内閣総理大臣の挨拶,海部俊樹
184,1991,自由民主党婦人部活動者研修会における海部内閣総理大臣の基調講演,海部俊樹
185,1991,ＡＳＥＡＮ諸国訪問における海部俊樹内閣総理大臣政策演説（日本とＡＳＥＡＮ—新時代の成熟したパートナーシップを求めて）,海部俊樹
186,1991,国連軍縮京都会議における海部俊樹内閣総理大臣演説,海部俊樹
187,1991,第十六回共同通信加盟社編集局長会議における海部内閣総理大臣の特別講演,海部俊樹
188,1991,第十回自由民主党軽井沢セミナーにおける講演，転換期の世界情勢と日本の課題（海部内閣総理大臣）,海部俊樹
189,1991,北京における海部俊樹内閣総理大臣演説「新しい世界と日中関係」,海部俊樹
190,1991,オチルバト・モンゴル大統領主催歓迎宴における海部内閣総理大臣の挨拶,海部俊樹
191,1991,伊東における講演，公正で心豊かな社会の構築を理念に（海部内閣総理大臣）,海部俊樹
192,1991,全国婦人議員政策研究会における海部内閣総理大臣の講演,海部俊樹
193,1991,総辞職に当たって（海部内閣総理大臣）,海部俊樹
194,1991,総理大臣就任に当たって（宮澤内閣総理大臣）,宮澤喜一
195,1991,真珠湾攻撃五十周年における宮澤内閣総理大臣の所感,宮澤喜一
196,1991,内外情勢調査会における宮澤内閣総理大臣の講演,宮澤喜一
197,1992,宮澤喜一内閣総理大臣の大韓民国訪問における政策演説（アジアのなか、世界のなかの日韓関係）,宮澤喜一
198,1992,国連安保理首脳会合における宮澤喜一内閣総理大臣演説,宮澤喜一
199,1992,国連環境開発会議（ＵＮＣＥＤ）における宮澤喜一内閣総理大臣演説,宮澤喜一
200,1992,国際連合平和維持活動等に対する協力に関する法律及び国際緊急援助隊の派遣に関する法律の一部を改正する法律成立に際しての宮澤内閣総理大臣の談話,宮澤喜一
201,1992,ラオ・インド首相歓迎晩餐会における宮澤内閣総理大臣の挨拶,宮澤喜一
202,1992,ナショナル・プレス・クラブにおける宮澤喜一内閣総理大臣スピーチ,宮澤喜一
203,1992,日本記者クラブにおける講演，国政の諸課題について（宮澤内閣総理大臣）,宮澤喜一
204,1992,自由民主党軽井沢セミナーにおける宮澤内閣総理大臣の講演,宮澤喜一
205,1992,第十六回自民党全国研修会における宮澤内閣総理大臣の挨拶,宮澤喜一
206,1992,内外情勢調査会における宮澤内閣総理大臣の講演,宮澤喜一
207,1992,戦略国際問題研究所国際評議員会合における宮澤喜一内閣総理大臣の講演「日本の国際的役割—新しい協力関係の枠組の構築を求めて」,宮澤喜一
208,1992,旧ソ連支援東京会議における宮澤喜一内閣総理大臣開会演説,宮澤喜一
209,1993,ＡＳＥＡＮ訪問における宮澤喜一内閣総理大臣政策演説（インドシナ総合開発計画の提唱）,宮澤喜一
210,1993,宮澤内閣総理大臣による国際平和協力本部長としての激励の言葉,宮澤喜一
211,1993,環境基本法案に関する宮澤内閣総理大臣の談話,宮澤喜一
212,1993,カンボジアＰＫＯ問題について（宮澤内閣総理大臣）,宮澤喜一
213,1993,国際平和協力隊員故高田晴行氏合同葬儀における宮澤内閣総理大臣の弔辞,宮澤喜一
214,1993,文民警察官帰国時における宮澤内閣総理大臣の挨拶,宮澤喜一
215,1993,衆議院選挙における宮澤内閣総理大臣の演説,宮澤喜一
216,1993,内閣総辞職に当たっての宮澤内閣総理大臣の談話,宮澤喜一
217,1993,総理大臣就任に当たっての細川内閣総理大臣の談話,細川護熙
218,1993,政治改革法案に関する細川内閣総理大臣の談話,細川護熙
219,1993,第４８回国連総会細川護熙内閣総理大臣一般演説,細川護熙
220,1993,アフリカ開発会議における細川内閣総理大臣の演説（TICAD I）,細川護熙
221,1993,故田中角栄氏に対する細川内閣総理大臣の弔辞,細川護熙
222,1994,政治改革法案成立に関する細川内閣総理大臣の談話,細川護熙
223,1994,米国ジョージタウン大学における細川護熙内閣総理大臣演説,細川護熙
224,1994,ジア・バングラデシュ首相歓迎晩餐会における細川内閣総理大臣の挨拶,細川護熙
225,1994,内外情勢調査会における細川内閣総理大臣の講演,細川護熙
226,1994,内閣総辞職に当たっての細川内閣総理大臣の談話,細川護熙
227,1994,羽田内閣総理大臣談話,羽田孜
228,1994,横浜駅西口における羽田内閣総理大臣の街頭演説,羽田孜
229,1994,日本記者クラブにおける羽田内閣総理大臣の講演,羽田孜
230,1994,日本新聞協会第六十六回総会における羽田内閣総理大臣の挨拶,羽田孜
231,1994,内閣総辞職に当たっての羽田内閣総理大臣の談話,羽田孜
232,1994,村山内閣総理大臣就任に当たっての談話,村山富市
233,1994,東京商工会議所夏期役員懇談会における村山内閣総理大臣の講演,村山富市
234,1994,戦後５０年に向けて村山内閣総理大臣の談話,村山富市
235,1994,戦後５０年に向けて村山内閣総理大臣の談話（韓国語）,村山富市
236,1994,日本社会党第六十一回臨時全国大会における村山内閣総理大臣の挨拶,村山富市
237,1994,陸上自衛隊ルワンダ難民救援先遣隊及び航空自衛隊空輸派遣隊の出発に当たっての村山内閣総理大臣の挨拶,村山富市
239,1994,環境基本計画決定に際しての村山内閣総理大臣の談話,村山富市
240,1995,村山内閣総理大臣による平成七年年頭のあいさつ,村山富市
241,1995,阪神・淡路大震災犠牲者神戸市合同慰霊祭における村山内閣総理大臣の慰霊の言葉,村山富市
242,1995,社会開発サミットにおける村山富市内閣総理大臣演説,村山富市
243,1995,国連軍縮長崎会議における村山内閣総理大臣の演説,村山富市
244,1995,「女性のためのアジア平和国民基金」発足ごあいさつ（村山内閣総理大臣）,村山富市
245,1995,「女性のためのアジア平和国民基金」発足ごあいさつ（村山内閣総理大臣）（韓国語）,村山富市
246,1995,日経連夏期セミナーでの村山内閣総理大臣の講演,村山富市
247,1995,「故福田赳夫」内閣・自由民主党合同葬儀における村山内閣総理大臣の追悼の辞,村山富市
248,1995,村山総理発エリツィン大統領宛口頭メッセージ,村山富市
249,1995,国連５０周年記念総会特別会合における村山富市内閣総理大臣演説,村山富市
250,1995,第７回ＡＰＥＣ閣僚会議記念シンポジウムにおける村山内閣総理大臣の基調演説,村山富市
251,1995,オウム真理教に対する破壊活動防止法の適用に関する村山内閣総理大臣の談話,村山富市
252,1995,水俣病問題の解決に当たっての村山内閣総理大臣の談話,村山富市
253,1996,内閣総辞職に当たっての村山内閣総理大臣の談話,村山富市
254,1996,内閣総理大臣就任（第一次）に当たっての談話（橋本龍太郎）,橋本龍太郎
255,1996,阪神・淡路大震災犠牲者追悼式典における追悼の辞（橋本内閣総理大臣）,橋本龍太郎
256,1996,ブットー・パキスタン首相歓迎晩餐会における橋本内閣総理大臣の挨拶,橋本龍太郎
257,1996,橋本総理発エリツィン大統領宛口頭メッセージ,橋本龍太郎
258,1996,党女性リーダー育成研修会における講演（橋本龍太郎）,橋本龍太郎
259,1996,日本記者クラブにおける橋本内閣総理大臣の講演,橋本龍太郎
260,1996,沖縄コンベンションセンターにおける橋本内閣総理大臣の講演,橋本龍太郎
261,1996,「包括的核実験禁止条約」の署名についてのコメント（橋本内閣総理大臣）,橋本龍太郎
262,1996,外交問題評議会における橋本龍太郎総理大臣の政策演説「これからの日本と世界における日米協力」,橋本龍太郎
263,1996,内外情勢調査会年次大会における橋本内閣総理大臣の講演−変革の時代と日本,橋本龍太郎
264,1996,経済同友会における橋本内閣総理大臣の講演,橋本龍太郎
265,1996,東アジア社会保障担当閣僚会議における橋本内閣総理大臣の基調演説,橋本龍太郎
266,1997,シンガポール・レクチャーにおける橋本総理大臣演説，日本とＡＳＥＡＮの新時代への革命−より広くより深いパートナーシップ,橋本龍太郎
267,1997,●｛登におおざと／トウ｝小平死去についての橋本総理大臣談話,橋本龍太郎
268,1997,日本国憲法施行五十周年に当たっての談話（橋本内閣総理大臣）,橋本龍太郎
269,1997,国連環境開発特別総会での橋本総理大臣演説,橋本龍太郎
270,1997,総理と話そうマルチメディア教室（橋本龍太郎）,橋本龍太郎
271,1997,経済同友会（会員懇談会）における橋本総理大臣演説，「今後の我が国の外交政策のあり方−対露外交を中心に−」,橋本龍太郎
272,1997,ＰＫＯゴラン高原派遣隊員の出発に際しての挨拶（橋本内閣総理大臣）,橋本龍太郎
273,1997,日本青年会議所沖縄地区協議会における橋本内閣総理大臣の講演,橋本龍太郎
274,1997,読売国際経済懇話会における橋本総理大臣演説，新たな対中外交を目指して,橋本龍太郎
275,1997,中華人民共和国行政院における橋本総理大臣演説，新時代の日中関係—対話と協力の新たな発展,橋本龍太郎
276,1997,男女共同参画社会づくりに向けての全国会議における挨拶（橋本内閣総理大臣）,橋本龍太郎
277,1997,日本及び南太平洋フォーラム首脳会議における橋本総理大臣演説,橋本龍太郎
278,1997,沖縄復帰二十五周年記念式典における式辞（橋本龍太郎）,橋本龍太郎
279,1997,国連気候変動枠組条約第三回締約国会議の合意に関する談話（橋本内閣総理大臣）,橋本龍太郎
280,1998,日本経済新聞社主宰・第４回国際交流会議，「アジアの未来」における橋本総理大臣挨拶,橋本龍太郎
281,1998,内閣総辞職に当たっての談話（橋本龍太郎）,橋本龍太郎
282,1998,第五十三回国連総会における一般討論演説‐副題「平和と開発、そのための改革」‐,橋本龍太郎
283,1998,第2回アフリカ開発会議（TICAD II）開会式における小渕総理大臣基調演説,小渕恵三
284,1998,小渕内閣総理大臣の内外情勢調査会講演「当面の課題」,小渕恵三
285,1998,「アジアの明日を創る知的対話」における小渕内閣総理大臣演説,小渕恵三
286,1998,ベトナム国際関係学院での小渕首相政策演説，アジアの明るい未来の創造に向けて,小渕恵三
287,1998,米国等による対イラク武力行使に関する小渕内閣総理大臣コメント,小渕恵三
288,1998,米の関税化特別措置に関する小渕内閣総理大臣コメント,小渕恵三
289,1999,フランス企業運動（ＭＥＤＥＦ）主催昼食会における小渕内閣総理大臣挨拶,小渕恵三
290,1999,高麗大学における小渕内閣総理大臣演説　新世紀の日韓関係‐新たな歴史の創造‐,小渕恵三
291,1999,ナランツァツラルト・モンゴル首相主催晩餐会における小渕内閣総理大臣挨拶,小渕恵三
292,1999,「二十一世紀日本の構想」懇談会全体合宿における小渕内閣総理大臣スピーチ,小渕恵三
293,1999,コンピュータ西暦二〇〇〇年問題に関する顧問会議における小渕内閣総理大臣挨拶,小渕恵三
294,1999,（財）日本国際問題研究所創立四十周年記念シンポジウムにおける小渕内閣総理大臣の基調講演,小渕恵三
295,2000,小渕内閣総理大臣発言「Ｙ２Ｋによる我が国への影響について」,小渕恵三
296,2000,対人地雷廃棄公開式典における小渕内閣総理大臣の挨拶,小渕恵三
297,2000,ＵＮＣＴＡＤ第十回総会における小渕内閣総理大臣スピーチ,小渕恵三
298,2000,太平洋・島サミットにおける森総理大臣基調演説‐私たちのフロンティアへの旅立ち‐,森喜朗
299,2000,クリシュナ・カルナタカ州首相主催会合における森総理大臣のＩＴ演説「２１世紀における日印ＩＴ協力に向けて」,森喜朗
300,2000,森総理大臣のインド商工会議所連盟における演説「２１世紀における日印グローバル・パートナーシップの構築」,森喜朗
301,2000,国連ミレニアム・サミットにおける森総理大臣演説,森喜朗
302,2001,森総理大臣によるアフリカ政策スピーチ「新世紀のアフリカと日本」,森喜朗
303,2001,ダボス会議における森総理大臣のスピーチ「日本と地球の将来を形作る」,森喜朗
304,2001,ビレンドラ・ネパール国王王妃両陛下の逝去に関する小泉総理大臣の談話,小泉純一郎
305,2001,小泉内閣総理大臣の談話［靖国神社参拝］,小泉純一郎
306,2001,小泉内閣総理大臣声明［米国における同時多発テロ事件］,小泉純一郎
307,2001,米国テロ被害者追悼・お見舞いの会における内閣総理大臣挨拶,小泉純一郎
308,2001,中国人民抗日戦争記念館訪問後の小泉純一郎総理の発言,小泉純一郎
309,2001,テロ対策特別措置法の成立に際しての小泉内閣総理大臣の談話,小泉純一郎
310,2001,小泉内閣総理大臣謹話［内親王殿下の御誕生を迎えて］,小泉純一郎
311,2002,小泉内閣総理大臣の日韓両国民へのメッセージ,小泉純一郎
312,2002,小泉内閣総理大臣年頭所感,小泉純一郎
313,2002,小泉内閣総理大臣のＡＳＥＡＮ諸国訪問における政策演説「東アジアの中の日本とＡＳＥＡＮ」,小泉純一郎
314,2002,アフガニスタン復興支援国際会議における小泉内閣総理大臣のオープニング・スピーチ,小泉純一郎
315,2002,「ボアオ・アジア・フォーラム」における小泉内閣総理大臣演説［アジアの新世紀−挑戦と機会］,小泉純一郎
317,2002,日印国交樹立50周年に際しての小泉純一郎首相からバジパイ・インド首相とインド国民へのメッセージ,小泉純一郎
318,2002,小泉総理と在京アフリカ外交団との懇談（小泉総理挨拶）,小泉純一郎
319,2002,持続可能な開発に関する世界首脳会議における小泉内閣総理大臣スピーチ,小泉純一郎
320,2002,第５７回国連総会における小泉内閣総理大臣一般討論演説,小泉純一郎
321,2002,小泉内閣総理大臣の朱鎔基中国総理へのメッセージ,小泉純一郎
322,2002,小泉内閣総理大臣談話,小泉純一郎
323,2002,小泉内閣総理大臣の談話［拉致被害者の方々の帰国］,小泉純一郎
324,2003,小泉内閣総理大臣コメント［北朝鮮のＮＰＴからの脱退について］,小泉純一郎
325,2003,国際科学者会議における小泉内閣総理大臣演説,小泉純一郎
326,2003,イラク問題に関する対応についての小泉内閣総理大臣談話,小泉純一郎
327,2003,第3回日本・PIF首脳会議開会式における小泉総理の開会演説,小泉純一郎
328,2003,武力攻撃事態対処関連三法の成立に際しての小泉内閣総理大臣の談話,小泉純一郎
329,2003,スリランカ復興開発に関する東京会議における小泉純一郎総理大臣の挨拶,小泉純一郎
330,2003,日本とインドネシアの間の経済連携協定の可能性に関する小泉内閣総理大臣及びインドネシア共和国大統領の共同発表,小泉純一郎
331,2003,「経済財政運営と構造改革に関する基本方針２００３」（閣議決定）についての小泉内閣総理大臣の談話,小泉純一郎
332,2004,小泉総理大臣の対中南米政策に関する演説‐日本と中南米の新たなパートナーシップの確立を目指して‐,小泉純一郎
333,2004,第59回国連総会における小泉総理大臣一般討論演説　新しい時代に向けた新しい国連（「国連新時代」）,小泉純一郎
334,2004,アジア欧州会合開会式における小泉総理あいさつ,小泉純一郎
335,2004,科学技術と人類の未来に関する国際フォーラム開会式における小泉内閣総理大臣基調講演（平成16年11月14日）,小泉純一郎
336,2005,ASEAN主催緊急首脳会議における小泉総理大臣スピーチ,小泉純一郎
337,2005,国連防災世界会議における小泉総理ステートメント,小泉純一郎
338,2005,小泉内閣総理大臣の談話（京都議定書の発効について）,小泉純一郎
339,2005,アジア・アフリカ首脳会議における小泉総理大臣スピーチ,小泉純一郎
340,2005,アジア・アフリカ首脳会議における小泉総理大臣スピーチ（韓国語）,小泉純一郎
341,2005,アジア・アフリカ・ビジネスサミットにおける小泉総理大臣スピーチ,小泉純一郎
342,2005,戦後６０年にあたっての小泉総理大臣談話,小泉純一郎
343,2005,戦後６０年にあたっての小泉総理大臣談話（韓国語）,小泉純一郎
344,2005,科学技術と人類の未来に関する国際フォーラム開会式における小泉内閣総理大臣基調講演（平成17年9月11日）,小泉純一郎
345,2005,第60回国連総会首脳会合における小泉総理大臣演説「言葉から行動へ」,小泉純一郎
346,2006,小泉内閣総理大臣による年頭所感,小泉純一郎
347,2006,小泉総理によるアフリカ政策演説：アフリカ‐自助努力の発生地へ,小泉純一郎
348,2006,ドミニカ共和国移住問題の早期かつ全面的解決に向けての内閣総理大臣談話（小泉純一郎内閣総理大臣）,小泉純一郎
349,2006,日・ネパール国交樹立50周年に当たっての小泉純一郎総理大臣のメッセージ,小泉純一郎
351,2007,地球温暖化対策に関する安倍内閣総理大臣演説　美しい星へのいざない「Invitation to 『Cool Earth 50』」‐3つの提案、3つの原則‐,安倍晋三
352,2007,インドネシアにおける安倍総理大臣政策スピーチ「日本とASEAN‐思いやり、分かち合う未来を共に」,安倍晋三
354,2007,福田総理訪中スピーチ『共に未来を創ろう』,福田康夫
355,2008,ダボス会議における福田康夫内閣総理大臣特別講演,福田康夫
356,2008,福田康夫内閣総理大臣スピーチ「太平洋が「内海」となる日へ‐「共に歩む」未来のアジアに5つの約束‐」,福田康夫
357,2008,「国際シンポジウム‐沖縄から洞爺湖へ‐『人間の安全保障』から見た三大感染症への新たなビジョン」福田総理大臣演説,福田康夫
358,2008,TICAD IV開会に寄せて福田康夫日本国総理大臣演説,福田康夫
359,2008,ＦＡＯ主催「世界の食料安全保障に関するハイレベル会合：　気候変動とバイオエネルギーがもたらす課題」における福田総理演説,福田康夫
360,2008,福田康夫内閣総理大臣スピーチ「低炭素社会・日本」をめざして,福田康夫
362,2008,第63回国連総会における麻生太郎内閣総理大臣一般討論演説,麻生太郎
363,2008,日中平和友好条約締結30周年記念レセプション　麻生総理挨拶　‐日中関係についての、私の所信表明‐,麻生太郎
364,2008,日本経団連第６２回評議員会　麻生内閣総理大臣挨拶,麻生太郎
365,2009,麻生内閣総理大臣　平成二十一年　年頭所感,麻生太郎
366,2009,ダボス会議における麻生総理大臣特別講演,麻生太郎
367,2009,麻生内閣総理大臣スピーチ「新たな成長に向けて」,麻生太郎
368,2009,麻生太郎日本国内閣総理大臣スピーチ（パキスタン・フレンズ閣僚会合及びパキスタン支援国会合に寄せて）,麻生太郎
369,2009,日中次世代ビジネスリーダーとの集いにおける麻生内閣総理大臣スピーチ‐日中次世代リーダーに送る私の応援歌‐,麻生太郎
370,2009,麻生内閣総理大臣の欧州における政策スピーチ　「グローバルな課題を克服する日欧のパートナーシップ」,麻生太郎
371,2009,第１５回国際交流会議「アジアの未来」麻生内閣総理大臣スピーチ　「経済危機を超え、再び飛躍するアジアへ」,麻生太郎
372,2009,北朝鮮の核実験に関する麻生太郎内閣総理大臣声明,麻生太郎
373,2009,麻生内閣総理大臣スピーチ　「私の目指す安心社会」,麻生太郎
374,2009,（財）日本国際問題研究所（JIIA）フォーラムにおける麻生内閣総理大臣外交政策演説「安全と繁栄を確保する日本外交」,麻生太郎
375,2009,国連気候変動首脳会合における鳩山内閣総理大臣演説,鳩山由紀夫
376,2009,第64回国連総会における鳩山総理大臣一般討論演説,鳩山由紀夫
377,2009,核不拡散・核軍縮に関する安保理首脳会合鳩山総理演説,鳩山由紀夫
378,2009,パキスタン・フレンズ首脳会合における鳩山内閣総理大臣メッセージ,鳩山由紀夫
379,2009,鳩山内閣総理大臣の談話（２０１６年第３１回オリンピック競技大会開催都市決定）,鳩山由紀夫
380,2009,トンガにおける津波被害（鳩山総理大臣によるお見舞いのメッセージの発出）,鳩山由紀夫
381,2009,内閣総理大臣の談話（鳩山内閣総理大臣）,鳩山由紀夫
382,2009,鳩山内閣総理大臣のコメント（オバマ米国大統領のノーベル平和賞受賞について）,鳩山由紀夫
383,2009,内閣総理大臣の談話（地方分権改革推進委員会の第４次勧告　鳩山内閣総理大臣）,鳩山由紀夫
384,2009,天皇陛下御在位二十年記念式典鳩山内閣総理大臣式辞,鳩山由紀夫
385,2009,鳩山総理によるアジア政策講演「アジアへの新しいコミットメント‐東アジア共同体構想の実現に向けて‐」,鳩山由紀夫
386,2009,途上国支援に関する「鳩山イニシアティブ」,鳩山由紀夫
387,2009,気候変動枠組条約第１５回締約国会議首脳級会合：鳩山総理ステートメント,鳩山由紀夫
388,2009,シン・インド首相主催公式午餐会における鳩山内閣総理大臣冒頭発言,鳩山由紀夫
389,2009,新成長戦略基本方針発表に係る鳩山総理大臣発言,鳩山由紀夫
390,2010,鳩山内閣総理大臣　平成２２年　年頭所感,鳩山由紀夫
391,2010,鳩山内閣総理大臣の談話（補給支援特別措置法の失効に伴う補給支援活動の終了）,鳩山由紀夫
392,2010,阪神・淡路大震災十五周年追悼式典　鳩山内閣総理大臣　追悼の辞,鳩山由紀夫
393,2010,日本国とアメリカ合衆国との間の相互協力及び安全保障条約（日米安保条約）の署名５０周年に当たっての鳩山内閣総理大臣の談話,鳩山由紀夫
394,2010,「デリー持続可能な開発サミット」におけるリーダーシップ賞授賞式での鳩山総理ビデオ・メッセージ文,鳩山由紀夫
395,2010,核セキュリティ・サミットにおけるナショナル・ステートメント（鳩山内閣総理大臣）,鳩山由紀夫
396,2010,水俣病犠牲者慰霊式「祈りの言葉」（鳩山内閣総理大臣）,鳩山由紀夫
397,2010,鳩山総理大臣コメント（韓国哨戒艦沈没事案に関する韓国側の調査報告発表について）,鳩山由紀夫
398,2010,第16回国際交流会議「アジアの未来」　鳩山内閣総理大臣スピーチ,鳩山由紀夫
399,2010,内閣総辞職に当たっての鳩山内閣総理大臣談話,鳩山由紀夫
400,2010,鳩山由紀夫内閣総理大臣発言,鳩山由紀夫
401,2010,サッカー日本代表へのメッセージ（菅直人内閣総理大臣）,菅直人
402,2010,サッカー日本代表へのメッセージ（菅直人内閣総理大臣）,菅直人
403,2010,７月19日「海の日」を迎えるに当たっての菅直人内閣総理大臣メッセージ,菅直人
404,2010,広島市原爆死没者慰霊式並びに平和祈念式あいさつ（菅直人内閣総理大臣）,菅直人
405,2010,長崎原爆犠牲者慰霊平和祈念式典あいさつ（菅直人内閣総理大臣）,菅直人
406,2010,日韓併合１００年に当たっての菅直人内閣総理大臣の談話,菅直人
407,2010,菅直人内閣総理大臣発言　経済情勢について,菅直人
408,2010,菅直人内閣総理大臣のコメント,菅直人
409,2010,ＭＤＧｓ国連首脳会合 菅直人総理演説「次世代への約束」,菅直人
410,2010,国際の平和と安全の維持における安保理の効果的役割に関する安保理首脳会合（菅直人内閣総理大臣）,菅直人
411,2010,第６５回国連総会における菅直人総理大臣一般討論演説,菅直人
412,2010,小島嶼国開発ハイレベル会合開会式における菅直人総理大臣の演説,菅直人
413,2010,平成二十二年国勢調査の実施に際しての菅直人内閣総理大臣の談話,菅直人
414,2010,アジア欧州会合第8回首脳会合（ASEM8）　第1セッションにおける菅直人総理大臣発言,菅直人
415,2010,ノーベル化学賞　菅直人内閣総理大臣コメント,菅直人
416,2010,生物多様性条約第１０回締約国会議ハイレベル・セグメント開会式菅内閣総理大臣演説,菅直人
417,2010,生物多様性条約第１０回締約国会議(ＣＯＰ１０)ハイレベル・セグメントレセプション菅内閣総理大臣挨拶,菅直人
418,2010,Ｇ２０ビジネス・サミット　貿易・投資（貿易の再活性化）セッション　菅直人総理発言,菅直人
419,2010,ＡＰＥＣ　ＣＥＯサミットにおける菅直人総理大臣挨拶,菅直人
420,2010,第１８回ＡＰＥＣ首脳会議　首脳宣言採択　菅直人総理発言,菅直人
421,2010,議会開設百二十年記念式典における菅直人内閣総理大臣祝辞,菅直人
422,2010,ノーベル賞授賞式に当たって総理メッセージ（菅直人内閣総理大臣）,菅直人
423,2010,硫黄島戦没者追悼式　追悼の辞,菅直人
424,2011,菅内閣総理大臣　平成二十三年　年頭所感,菅直人
425,2011,菅総理　外交に関する講演「歴史の分水嶺に立つ日本外交」,菅直人
426,2011,「新卒者雇用・特命チーム」における総理メッセージ,菅直人
427,2011,菅内閣総理大臣発メドヴェージェフ・ロシア大統領宛てメッセージ（お悔やみ）の発出について,菅直人
428,2011,菅内閣総理大臣ダボス会議特別講演　「開国と絆」,菅直人
429,2011,2011年在日華人紙への春節祝賀メッセージ,菅直人
430,2011,東北地方太平洋沖地震に関する菅内閣総理大臣記者発表,菅直人
431,2011,東北地方太平洋沖地震に関する菅内閣総理大臣メッセージ,菅直人
432,2011,菅総理からの国民の皆様へのメッセージ（平成２３年３月１３日（日））,菅直人
433,2011,菅総理からの国民の皆様へのメッセージ（平成２３年３月１５日（火））,菅直人
434,2011,菅総理からの国民の皆様へのメッセージ（平成２３年３月１８日（金））,菅直人
435,2011,平成２２年度　防衛大学校卒業式　内閣総理大臣訓示（菅直人内閣総理大臣）,菅直人
436,2011,諸外国からの支援に対する総理メッセージ（菅直人内閣総理大臣）,菅直人
437,2011,菅総理からの国民の皆様へのメッセージ（平成２３年３月２５日（金））,菅直人
438,2011,東日本大震災に係る内閣総理大臣及び文部科学大臣からのメッセージ　新学期を迎えるみなさんへ（中学校、高等学校段階の生徒用）（菅直人内閣総理大臣）,菅直人
439,2011,東日本大震災に係る内閣総理大臣及び文部科学大臣からのメッセージ　新学期を迎えるみなさんへ（小学校段階の児童用）（菅直人内閣総理大臣）,菅直人
440,2011,絆　Kizuna　‐　the bonds of friendship　（菅直人内閣総理大臣）,菅直人
441,2011,菅総理によるワシントンポスト紙への寄稿　日本　‐復興，そして新生への道‐,菅直人
442,2011,菅総理によるインターナショナル・ヘラルド・トリビューン紙への寄稿　日本　‐復興，そして新生への道‐（Japan's Road to Recovery and Rebirth）,菅直人
443,2011,ウサマ・ビン・ラーディンの殺害についての内閣総理大臣の談話（菅直人内閣総理大臣）,菅直人
444,2011,ＯＥＣＤ５０周年記念行事における菅総理スピーチ,菅直人
445,2011,菅総理の冒頭発言（Ｇ８ドーヴィル・サミット）,菅直人
446,2011,済生会創立百周年記念式典　祝辞（菅直人内閣総理大臣）,菅直人
447,2011,ＭＤＧｓフォローアップ会合　総理開会挨拶（菅直人内閣総理大臣）,菅直人
448,2011,国家公務員の給与に関する内閣総理大臣の談話（菅直人内閣総理大臣）,菅直人
449,2011,全国市長会議あいさつ（菅直人内閣総理大臣）,菅直人
450,2011,らい予防法による被害者の名誉回復及び追悼の日　あいさつ（菅直人内閣総理大臣）,菅直人
451,2011,沖縄全戦没者追悼式　総理あいさつ（菅直人内閣総理大臣）,菅直人
452,2011,Ｂ型肝炎訴訟についての内閣総理大臣の談話（菅直人内閣総理大臣）,菅直人
453,2011,7月18日「海の日」を迎えるに当たっての内閣総理大臣メッセージ（菅直人内閣総理大臣）,菅直人
454,2011,菅内閣総理大臣発ストルテンベルグ・ノルウェー首相宛てメッセージ（お悔やみ）の発出,菅直人
455,2011,広島市原爆死没者慰霊式並びに平和祈念式あいさつ（菅直人内閣総理大臣）,菅直人
456,2011,長崎原爆犠牲者慰霊平和祈念式典あいさつ（菅直人内閣総理大臣）,菅直人
457,2011,全国戦没者追悼式　内閣総理大臣式辞（菅直人内閣総理大臣）,菅直人
458,2011,内閣総辞職にあたっての内閣総理大臣談話（菅直人内閣総理大臣）,菅直人
459,2011,野田佳彦総理大臣によるビデオメッセージ（９月１４日中国・大連におけるサマーダボス会議での「ジャパン・ナイト」）,野田佳彦
460,2011,原子力安全及び核セキュリティに関する国連ハイレベル会合　野田佳彦総理大臣スピーチ,野田佳彦
461,2011,第６６回国連総会における野田佳彦内閣総理大臣一般討論演説,野田佳彦
462,2011,「グローバル・ゼロ」サミット　総理大臣メッセージ（野田佳彦内閣総理大臣）,野田佳彦
463,2011,平成２３年度航空観閲式　野田佳彦内閣総理大臣訓示,野田佳彦
464,2011,ＡＰＥＣ・ＣＥＯサミット　野田総理ビデオメッセージ,野田佳彦
465,2011,ＡＳＥＡＮビジネス投資サミットにおける野田総理挨拶,野田佳彦
466,2011,第１５回ＩＬＯアジア太平洋地域会議　野田内閣総理大臣　特別演説 ,野田佳彦
467,2011,インド世界問題評議会（ＩＣＷＡ）主催　野田総理講演　『人と人の「絆」に基づく「戦略的グローバル・パートナーシップ」』,野田佳彦
468,2012,野田内閣総理大臣　平成24年　年頭所感,野田佳彦
469,2012,南スーダン国際平和協力隊隊旗授与式における野田内閣総理大臣訓示,野田佳彦
470,2012,2012年ダボス会議サイドイベント「ジャパン・ナイト」野田総理ビデオメッセージ,野田佳彦
471,2012,野田内閣総理大臣発アタムバエフ・キルギス共和国大統領宛メッセージ,野田佳彦
472,2012,野田内閣総理大臣発ナザルバエフ・カザフスタン共和国大統領宛祝賀メッセージ,野田佳彦
473,2012,野田内閣総理大臣発カリモフ・ウズベキスタン共和国大統領宛　祝賀メッセージ,野田佳彦
474,2012,新華社東京支局2012新年会における野田内閣総理大臣挨拶,野田佳彦
475,2012,野田佳彦内閣総理大臣発ラフモン・タジキスタン共和国大統領宛　祝賀メッセージ,野田佳彦
476,2012,シンポジウム「社会保障と税の一体改革について」基調講演（野田佳彦総理大臣）,野田佳彦
477,2012,総理ビデオメッセージ「社会保障と税の一体改革について」,野田佳彦
478,2012,内閣総理大臣の談話「国民の皆様へ」,野田佳彦
479,2012,東日本大震災一周年追悼式　内閣総理大臣式辞,野田佳彦
480,2012,平成２３年度　防衛大学校卒業式　内閣総理大臣訓示,野田佳彦
481,2012,2012年3月20日から23日のサバーハ・アル・アハマド・アル・ジャービル・アル・サバーハ・クウェート国首長殿下の国賓訪日に際する共同声明,野田佳彦
482,2012,日本アカデメイア主催「野田総理との第１回交流会」　野田総理スピーチ,野田佳彦
483,2012,ソウル核セキュリティ・サミットにおける総理ステートメント,野田佳彦
484,2012,「東アジア低炭素成長パートナーシップ対話」野田総理挨拶,野田佳彦
485,2012,野田総理発オランド・フランス次期大統領宛の祝辞の発出,野田佳彦
486,2012,内閣総理大臣談話（2012年5月8日）,野田佳彦
487,2012,沖縄復帰４０周年記念式典　内閣総理大臣式辞,野田佳彦
488,2012,第１８回国際交流会議「アジアの未来」野田総理スピーチ,野田佳彦
489,2012,内閣総理大臣(東京２０２０オリンピック・パラリンピック招致委員会評議会最高顧問)コメント,野田佳彦
490,2012,島サミット総理メッセージ仮訳　私たちをつなぐ太平洋の「キズナ」,野田佳彦
491,2012,内閣総理大臣謹話（2012年6月6日）,野田佳彦
492,2012,日本アカデメイア主催「野田総理との第２回交流会」　野田総理スピーチ,野田佳彦
493,2012,沖縄全戦没者追悼式　総理あいさつ,野田佳彦
494,2012,第十一管区海上保安本部　内閣総理大臣訓示,野田佳彦
495,2012,読売国際経済懇話会（ＹＩＥＳ）講演会,野田佳彦
496,2012,「世界防災閣僚会議in東北」 野田総理開会挨拶,野田佳彦
497,2012,アフガニスタンに関する東京会合　野田総理挨拶,野田佳彦
498,2012,７月１６日「海の日」を迎えるに当たっての内閣総理大臣メッセージ,野田佳彦
499,2012,野田佳彦内閣総理大臣講演会（早稲田大学）,野田佳彦
500,2012,広島市原爆死没者慰霊式並びに平和祈念式あいさつ,野田佳彦
501,2012,長崎原爆犠牲者慰霊平和祈念式典あいさつ,野田佳彦
502,2012,全国戦没者追悼式　内閣総理大臣式辞（野田佳彦内閣総理大臣）,野田佳彦
503,2012,第四十七回自衛隊高級幹部会同野田内閣総理大臣訓示,野田佳彦
504,2012,第67回国連総会における野田内閣総理大臣一般討論演説,野田佳彦
505,2012,国際通貨基金(IMF)･世界銀行年次総会2012レセプションあいさつ,野田佳彦
506,2012,平成24年度自衛隊観艦式野田内閣総理大臣訓示,野田佳彦
507,2012,朝日地球環境フォーラム2012野田内閣総理大臣オープニングスピーチ,野田佳彦
508,2012,内閣総辞職に当たっての内閣総理大臣談話（野田佳彦内閣総理大臣）,野田佳彦
509,2012,内閣総理大臣談話（安倍晋三内閣総理大臣）,安倍晋三
510,2013,安倍内閣総理大臣平成25年年頭所感,安倍晋三
511,2013,開かれた，海の恵み--日本外交の新たな5原則--,安倍晋三
512,2013,ゴラン高原PKO（UNDOF）隊旗返還式安倍内閣総理大臣訓示,安倍晋三
513,2013,安倍総理の英語メッセージ＠ダボス会議2013「ジャパン・ナイト」,安倍晋三
514,2013,安倍総理大臣の政策スピーチ「日本は戻ってきました」,安倍晋三
515,2013,ソマリア特別会合　安倍総理オープニングスピーチ,安倍晋三
516,2013,TICADV総理・横浜市長共催歓迎レセプションにおける安倍総理スピーチ,安倍晋三
517,2013,TICAD V 開会式安倍内閣総理大臣オープニングスピーチ,安倍晋三
518,2013,TICAD V 全体会合3‐民間との対話‐安倍総理スピーチ,安倍晋三
519,2013,TICAD V　経団連主催交流会　安倍総理スピーチ,安倍晋三
520,2013,第２回野口英世アフリカ賞授賞式における総理式辞,安倍晋三
521,2013,ＴＩＣＡＤＶ・テーマ別会合５‐平和構築の強化‐安倍総理オープニングスピーチ,安倍晋三
522,2013,ＴＩＣＡＤＶ　世銀・ＵＮＤＰ共催防災セッション 安倍総理冒頭挨拶,安倍晋三
523,2013,ＴＩＣＡＤＶ　人間の安全保障シンポジウム　安倍総理冒頭挨拶,安倍晋三
524,2013,TICAD V 閉会式　安倍総理による閉会式御挨拶,安倍晋三
525,2013,安倍総理 「成長戦略第３弾スピーチ」,安倍晋三
526,2013,安倍総理大臣の経済政策に関する講演,安倍晋三
527,2013,安倍総理大臣講演：日本とASEAN・Always in tandem　「3本の矢」で一層のWin-Win関係へ,安倍晋三
528,2013,第68回国連総会における安倍内閣総理大臣一般討論演説,安倍晋三
529,2013,安倍晋三日本国総理大臣基調講演,安倍晋三
530,2013,安倍内閣総理大臣の談話‐恒久平和への誓い‐,安倍晋三
531,2014,日本・モザンビーク投資フォーラムにおける安倍総理大臣スピーチ,安倍晋三
532,2014,安倍総理大臣アフリカ政策スピーチ『「一人、ひとり」を強くする日本のアフリカ外交』,安倍晋三
533,2014,安倍総理大臣世界経済フォーラム年次会議冒頭演説〜新しい日本から、新しいビジョン〜,安倍晋三
534,2014,「建国記念の日」を迎えるに当たっての安倍内閣総理大臣メッセージ,安倍晋三
535,2014,国民の皆様へ（東日本大震災三周年に当たって）,安倍晋三
536,2014,東日本大震災三周年追悼式　内閣総理大臣式辞,安倍晋三
537,2014,平成２５年度防衛大学校卒業式　内閣総理大臣訓示,安倍晋三
538,2014,第４８回国家公務員合同初任研修開講式　安倍内閣総理大臣訓示,安倍晋三
539,2014,ジャパン・サミット２０１４　安倍内閣総理大臣基調講演,安倍晋三
540,2014,シティ主催歓迎晩餐会　安倍内閣総理大臣スピーチ,安倍晋三
541,2014,北大西洋理事会（NAC）における安倍総理大臣演説,安倍晋三
542,2014,OECD閣僚理事会安倍内閣総理大臣基調演説,安倍晋三
543,2014,第13回アジア安全保障会議（シャングリラ・ダイアローグ）安倍内閣総理大臣の基調講演,安倍晋三
544,2014,豪州国会両院総会　安倍内閣総理大臣演説,安倍晋三
545,2014,安倍総理の中南米政策スピーチ：Juntos!! 日本・中南米協力に限りない深化を対中南米外交・三つの指導理念,安倍晋三
546,2014,日本バングラデシュ・ビジネス・フォーラムにおける安倍総理スピーチ,安倍晋三
547,2014,日本スリランカ・ビジネス・フォーラムにおける安倍総理スピーチ,安倍晋三
548,2014,WAW！Tokyo 2014 公開フォーラム 安倍総理スピーチ,安倍晋三
549,2014,女性が輝く社会に向けた国際シンポジウム　ハイレベル・ラウンドテーブルにおける安倍総理大臣スピーチ,安倍晋三
550,2014,国連気候サミットにおける安倍総理大臣スピーチ,安倍晋三
551,2014,第2回日・アフリカ地域経済共同体（RECs）議長国首脳会合における安倍総理大臣スピーチ,安倍晋三
552,2014,国連エボラ出血熱流行対応ハイレベル会合における安倍総理大臣スピーチ,安倍晋三
553,2014,第69回国連総会における安倍総理大臣一般討論演説,安倍晋三
554,2014,国連PKOに関するハイレベル会合における安倍総理大臣スピーチ,安倍晋三
555,2014,ＳＴＳフォーラム２０１４年年次総会における安倍総理スピーチ,安倍晋三
556,2014,ＡＥＢＦクロージングセッションにおける安倍総理スピーチ,安倍晋三
557,2014,国際法曹協会（ＩＢＡ）東京大会年次総会 安倍総理スピーチ,安倍晋三
558,2014,防衛省・自衛隊６０周年記念航空観閲式　安倍内閣総理大臣訓示,安倍晋三
559,2015,安倍内閣総理大臣　平成２７年　年頭所感,安倍晋三
560,2015,日エジプト経済合同委員会合における安倍内閣総理大臣政策スピーチ　中庸が最善：活力に満ち安定した中東へ‐‐新たなページめくる日本とエジプト‐‐,安倍晋三
561,2015,「東日本大震災四周年追悼式」における内閣総理大臣式辞,安倍晋三
562,2015,第３回国連防災世界会議ハイレベル・セグメントにおける安倍内閣総理大臣ステートメント,安倍晋三
563,2015,第３回国連防災世界会議ハイレベル･パートナーシップ・ダイアローグにおける安倍内閣総理大臣スピーチ,安倍晋三
564,2015,国連創設７０周年記念シンポジウムにおける安倍内閣総理大臣スピーチ,安倍晋三
565,2015,JFKシンポジウム「ケネディ大統領のトーチ〜引き継がれるその遺産〜」における安倍総理スピーチ,安倍晋三
566,2015,平成２６年度　防衛大学校卒業式　内閣総理大臣訓示,安倍晋三
567,2015,第４９回 国家公務員合同初任研修閉講式　安倍内閣総理大臣訓示,安倍晋三
568,2015,アジア・アフリカ会議（バンドン会議）６０周年記念首脳会議における安倍内閣総理大臣スピーチ,安倍晋三
569,2015,アジア・アフリカ会議（バンドン会議）６０周年記念首脳会議における安倍内閣総理大臣スピーチ（韓国語）,安倍晋三
570,2015,ハーバード大学ケネディ・スクールにおける安倍内閣総理大臣スピーチ,安倍晋三
571,2015,米国連邦議会上下両院合同会議における安倍総理大臣演説「希望の同盟へ」,安倍晋三
572,2015,第２１回国際交流会議「アジアの未来」晩餐会　安倍内閣総理大臣スピーチ,安倍晋三
573,2015,第７回太平洋・島サミットにおける安倍内閣総理大臣開会式基調演説,安倍晋三
574,2015,戦後７０年沖縄全戦没者追悼式における内閣総理大臣挨拶,安倍晋三
575,2015,「明治日本の産業革命遺産 製鉄・製鋼、造船、石炭産業」世界遺産登録に当たっての総理メッセージ,安倍晋三
576,2015,ＣＳＩＳ主催シンポジウム「２０世紀のグローバル・ヒストリーの省察―２１世紀の新しいビジョンに向かって」における安倍内閣総理大臣挨拶,安倍晋三
577,2015,ジャパン・サミット２０１５　安倍内閣総理大臣基調講演,安倍晋三
578,2015,第２０回「海の日」特別行事　総合開会式における安倍内閣総理大臣スピーチ,安倍晋三
579,2015,広島市原爆死没者慰霊式並びに平和祈念式あいさつ,安倍晋三
580,2015,長崎原爆犠牲者慰霊平和祈念式典あいさつ,安倍晋三
581,2015,全国戦没者追悼式式辞,安倍晋三
582,2015,WAW！Tokyo 2015 公開フォーラム　安倍総理スピーチ,安倍晋三
583,2015,第70回国連総会「ジェンダー平等と女性のエンパワーメントに関するグローバル・リーダーズ会合」安倍総理スピーチ,安倍晋三
584,2015,持続可能な開発のための２０３０アジェンダを採択する国連サミット　安倍総理大臣ステートメント,安倍晋三
585,2015,日本政府観光局（ＪＮＴＯ）主催訪日セミナー　安倍総理挨拶,安倍晋三
586,2015,日・太平洋島嶼国首脳会合　安倍総理挨拶,安倍晋三
587,2015,日・グローバルファンド共催保健サイドイベント「ＵＨＣへの道筋」　安倍総理スピーチ,安倍晋三
588,2015,第２回ＰＫＯサミット　安倍総理スピーチ,安倍晋三
589,2015,対日投資セミナー　安倍総理挨拶,安倍晋三
590,2015,第７０回国連総会における安倍内閣総理大臣一般討論演説,安倍晋三
591,2015,金融を中心とするビジネス関係者との対話　安倍総理スピーチ,安倍晋三
592,2015,ＳＴＳフォーラム第１２回年次総会における安倍総理スピーチ,安倍晋三
593,2015,ノーベル生理学・医学賞　内閣総理大臣コメント,安倍晋三
594,2015,ノーベル物理学賞 内閣総理大臣コメント,安倍晋三
595,2015,平成２７年度自衛隊観艦式　安倍内閣総理大臣訓示,安倍晋三
596,2015,カザフスタンにおける安倍内閣総理大臣政策スピーチ,安倍晋三
597,2015,日中韓ビジネスサミット　安倍総理挨拶,安倍晋三
598,2015,読売国際経済懇話会（ＹＩＥＳ）　講演会２０１５　安倍総理スピーチ,安倍晋三
599,2015,ＡＳＥＡＮビジネス投資サミット 安倍総理スピーチ,安倍晋三
600,2015,COP21首脳会合における安倍総理大臣スピーチ,安倍晋三
601,2015,内閣総理大臣談話,安倍晋三
602,2015,「世界津波の日」の決議に関する総理メッセージ（国連総会第二委員会における決議の採択について）,安倍晋三
603,2015,日・インド・イノベーション・セミナー安倍総理挨拶,安倍晋三
604,2015,国連気候変動枠組条約第二十一回締約国会議の合意に関する内閣総理大臣の談話,安倍晋三
605,2015,内外情勢調査会２０１５年１２月全国懇談会　安倍総理スピーチ,安倍晋三
606,2015,第４９回自衛隊高級幹部会同　安倍内閣総理大臣訓示,安倍晋三
607,2015,新たな開発目標の時代とユニバーサル・ヘルス・カバレッジ（ＵＨＣ）国際会議開会セッション　安倍総理スピーチ,安倍晋三
608,2016,安倍内閣総理大臣　平成２８年　年頭所感,安倍晋三
609,2016,内閣総理大臣声明,安倍晋三
610,2016,「アジアの価値観と民主主義」シンポジウムでの安倍総理の挨拶,安倍晋三
611,2016,ダボス会議・ジャパンナイト　安倍総理メッセージ,安倍晋三
612,2016,「中文導報」への総理春節メッセージの寄稿（中国語）,安倍晋三
613,2016,「建国記念の日」を迎えるに当たっての内閣総理大臣メッセージ,安倍晋三
614,2016,国民の皆様へ（東日本大震災五周年に当たって）,安倍晋三
615,2016,ＣＬＳＡジャパンフォーラム２０１６　安倍総理講演,安倍晋三
616,2016,内閣総理大臣コメント（北朝鮮による核実験及び弾道ミサイル発射に関する国連安保理決議の採択について）,安倍晋三
617,2016,「東日本大震災五周年追悼式」における内閣総理大臣式辞,安倍晋三
618,2016,海上保安学校卒業式　内閣総理大臣祝辞,安倍晋三
619,2016,平成２７年度　防衛大学校卒業式　内閣総理大臣訓示,安倍晋三
620,2016,第５０回 国家公務員合同初任研修開講式　安倍内閣総理大臣訓示,安倍晋三
621,2016,２０１６年Ｇ７伊勢志摩サミットに向けた世界人口開発議員会議開会式　安倍総理基調演説,安倍晋三
622,2016,対日投資セミナー　安倍総理スピーチ,安倍晋三
623,2016,安倍総理コメント（オバマ大統領の広島訪問について）,安倍晋三
624,2016,広島平和記念公園における安倍晋三首相のステートメント,安倍晋三
625,2016,富士山会合レセプション　安倍晋三総理の挨拶,安倍晋三
626,2016,平成２８年沖縄全戦没者追悼式における内閣総理大臣挨拶,安倍晋三
627,2016,フランス共和国・ニースにおける事件を受けた安倍内閣総理大臣によるフランソワ・オランド大統領宛弔意メッセージ,安倍晋三
628,2016,「海の日」を迎えるに当たっての内閣総理大臣メッセージ,安倍晋三
629,2016,ドイツ連邦共和国・ミュンヘンにおける銃撃事件を受けた安倍内閣総理大臣によるアンゲラ・メルケル首相宛弔意メッセージ,安倍晋三
630,2016,一億総活躍・地方創生全国大会ｉｎ九州　安倍総理講演,安倍晋三
631,2016,内閣総理大臣談話,安倍晋三
632,2016,広島市原爆死没者慰霊式並びに平和祈念式あいさつ,安倍晋三
633,2016,金メダル第１号を祝しての内閣総理大臣メッセージ,安倍晋三
634,2016,長崎原爆犠牲者慰霊平和祈念式典あいさつ,安倍晋三
635,2016,全国戦没者追悼式式辞,安倍晋三
636,2016,シンガポール共和国のセラパン・ラマ・ナザン前大統領の逝去に関する安倍内閣総理大臣によるリー・シェンロン首相宛弔意メッセージ,安倍晋三
637,2016,ＵＨＣ ｉｎ Ａｆｒｉｃａに関するハイレベルパネル 安倍総理スピーチ,安倍晋三
638,2016,ＴＩＣＡＤ VI（第６回アフリカ開発会議）開会セッション　安倍総理基調演説,安倍晋三
639,2016,ＳＴＳフォーラム　安倍総理スピーチ,安倍晋三
640,2016,農業に関する笹川アフリカ協会主催セミナー　安倍総理スピーチ,安倍晋三
641,2016,ＪＩＣＡハイレベルパネル　安倍総理スピーチ,安倍晋三
642,2016,ＴＩＣＡＤ VI 全体会合２　安倍総理スピーチ,安倍晋三
643,2016,日・アフリカ・ビジネスカンファレンス　安倍総理スピーチ,安倍晋三
644,2016,東方経済フォーラム全体会合　安倍総理スピーチ,安倍晋三
645,2016,フィリピン共和国・ダバオにおけるテロ事件を受けた安倍内閣総理大臣によるロドリゴ・ドゥテルテ大統領宛お見舞いメッセージ,安倍晋三
646,2016,ＡＳＥＡＮビジネス投資サミット 安倍総理スピーチ,安倍晋三
647,2016,内閣総理大臣声明,安倍晋三
648,2016,第５０回自衛隊高級幹部会同　安倍内閣総理大臣訓示,安倍晋三
649,2016,難民及び移民に関する国連サミット　安倍総理スピーチ,安倍晋三
650,2016,日本政府観光局（ＪＮＴＯ）主催訪日観光セミナー　安倍総理スピーチ,安倍晋三
651,2016,対日投資セミナー　安倍総理スピーチ,安倍晋三
652,2016,ＨｅＦｏｒＳｈｅレセプション　安倍総理スピーチ,安倍晋三
653,2016,オバマ米大統領主催難民サミット　安倍総理スピーチ,安倍晋三
654,2016,第７１回国連総会における安倍内閣総理大臣一般討論演説,安倍晋三
655,2016,安倍総理と金融関係者との対話,安倍晋三
656,2016,イスラエル国のシモン・ペレス前大統領の逝去を受けた安倍内閣総理大臣弔意メッセージ,安倍晋三
657,2016,ノーベル生理学・医学賞 内閣総理大臣コメント,安倍晋三
658,2016,サントス・コロンビア大統領のノーベル平和賞受賞に際する安倍総理の祝意メッセージ,安倍晋三
659,2016,プミポン・タイ国王陛下の崩御に際する安倍内閣総理大臣によるプラユット・タイ首相宛弔辞,安倍晋三
660,2016,平成２８年度自衛隊記念日観閲式　安倍内閣総理大臣訓示,安倍晋三
661,2016,内閣総理大臣謹話,安倍晋三
662,2016,「パリ協定」の受諾に関する内閣総理大臣の談話,安倍晋三
663,2016,安倍晋三内閣総理大臣によるドナルド・トランプ次期米国大統領宛祝辞,安倍晋三
664,2016,トランプ次期米国大統領との会談,安倍晋三
665,2016,日本・アルゼンチン経済フォーラム 安倍総理スピーチ,安倍晋三
666,2016,日系人との交流行事 安倍総理スピーチ,安倍晋三
667,2016,インド・プクラヤンにおける鉄道脱線事故を受けた安倍内閣総理大臣によるナレンドラ・モディ首相宛お見舞いメッセージ,安倍晋三
668,2016,内閣総理大臣コメント（北朝鮮による核実験等に関する国連安保理決議の採択について）,安倍晋三
669,2016,「山・鉾・屋台行事」ユネスコ無形文化遺産登録に当たっての総理メッセージ,安倍晋三
670,2016,ＷＡＷ！２０１６公開フォーラム 安倍総理スピーチ,安倍晋三
671,2016,日露ビジネス対話 安倍総理スピーチ,安倍晋三
672,2016,内外情勢調査会全国懇談会 安倍総理スピーチ,安倍晋三
673,2016,米国訪問　日米両首脳によるステートメント,安倍晋三
674,2017,安倍内閣総理大臣　平成２９年　年頭所感,安倍晋三
675,2017,日豪ビジネス会合 安倍総理スピーチ,安倍晋三
676,2017,日豪観光セミナー 安倍総理スピーチ,安倍晋三
677,2017,日本・インドネシア・ビジネス会合 安倍総理スピーチ,安倍晋三
678,2017,内閣総理大臣談話,安倍晋三
679,2017,安倍晋三内閣総理大臣によるドナルド・トランプ米国大統領宛祝辞,安倍晋三
680,2017,安倍晋三内閣総理大臣による春節メッセージ,安倍晋三
681,2017,「建国記念の日」を迎えるに当たっての内閣総理大臣メッセージ,安倍晋三
682,2017,国民の皆様へ（東日本大震災六周年に当たって）,安倍晋三
683,2017,「東日本大震災六周年追悼式」における内閣総理大臣式辞,安倍晋三
684,2017,内閣総理大臣コメント（Ｈ－IIＡロケット３３号機の打上げ成功について）,安倍晋三
685,2017,国際情報通信技術見本市（ＣｅＢＩＴ）ウェルカムナイト　安倍総理スピーチ,安倍晋三
686,2017,平成２８年度　防衛大学校卒業式　内閣総理大臣訓示,安倍晋三
687,2017,監査監督機関国際フォーラム（ＩＦＩＡＲ）常設事務局開設に関する安倍内閣総理大臣祝辞,安倍晋三
688,2017,安倍総理大臣によるサントス・コロンビア大統領宛お見舞いメッセージ,安倍晋三
689,2017,第５１回 国家公務員合同初任研修開講式　安倍内閣総理大臣訓示,安倍晋三
690,2017,健軍駐屯地における安倍内閣総理大臣訓示,安倍晋三
691,2017,熊本地震犠牲者追悼式　内閣総理大臣　追悼の辞,安倍晋三
692,2017,本21日（現地時間20日夜）、パリでの銃撃テロ事件を受けた安倍内閣総理大臣によるフランソワ・オランド・フランス共和国大統領宛てお見舞いメッセージ,安倍晋三
693,2017,２０２５年国際博覧会開催国への立候補表明文書（内閣総理大臣書簡）,安倍晋三
694,2017,安倍晋三内閣総理大臣によるエマニュエル・マクロン次期フランス共和国大統領宛祝辞,安倍晋三
695,2017,大韓民国の大統領選挙に関する安倍内閣総理大臣のコメント,安倍晋三
696,2017,ウォール・ストリート・ジャーナル主催ＣＥＯカウンシル ディナープログラム 安倍総理スピーチ,安倍晋三
697,2017,安倍晋三内閣総理大臣によるハッサン・ローハニ・イラン・イスラム共和国大統領宛て祝辞,安倍晋三
698,2017,ボストン・コンサルティング・グループ年次経営総会　安倍総理スピーチ,安倍晋三
699,2017,安倍晋三内閣総理大臣によるテリーザ・メイ英国首相宛てメッセージ,安倍晋三
700,2017,南スーダン派遣施設隊隊旗返還式における安倍内閣総理大臣訓示,安倍晋三
701,2017,内閣総理大臣コメント（北朝鮮による累次の弾道ミサイル発射等に関する国連安保理決議の採択について）,安倍晋三
702,2017,安倍晋三内閣総理大臣によるテリーザ・メイ英国首相宛てメッセージ,安倍晋三
703,2017,第２３回国際交流会議「アジアの未来」晩餐会  安倍内閣総理大臣スピーチ,安倍晋三
704,2017,安倍内閣総理大臣によるハッサン・ローハニ・イラン大統領宛てメッセージ,安倍晋三
705,2017,安倍晋三内閣総理大臣によるドナルド・トランプ米国大統領宛てメッセージ,安倍晋三
706,2017,安倍晋三内閣総理大臣によるアンゲラ・メルケル独首相宛てメッセージ,安倍晋三
707,2017,平成２９年沖縄全戦没者追悼式における内閣総理大臣挨拶,安倍晋三
708,2017,「『神宿る島』宗像・沖ノ島と関連遺産群」世界遺産登録に当たっての総理メッセージ,安倍晋三
709,2017,2017年「海の日」を迎えるに当たっての内閣総理大臣メッセージ,安倍晋三
710,2017,故大田昌秀元沖縄県知事県民葬　内閣総理大臣　追悼の辞,安倍晋三
711,2017,内閣総理大臣談話,安倍晋三
712,2017,安倍内閣総理大臣コメント（北朝鮮による累次の弾道ミサイル発射等に関する国連安保理決議の採択について）,安倍晋三
713,2017,広島市原爆死没者慰霊式並びに平和祈念式あいさつ,安倍晋三
714,2017,長崎原爆犠牲者慰霊平和祈念式典あいさつ,安倍晋三
715,2017,平成二十九年　全国戦没者追悼式式辞,安倍晋三
716,2017,安倍晋三内閣総理大臣によるマリアノ・ラホイ・ブレイ・スペイン王国首相宛てメッセージ,安倍晋三
717,2017,内閣総理大臣の談話（羽田元内閣総理大臣の逝去について）,安倍晋三
718,2017,内閣総理大臣コメント,安倍晋三
719,2017,内閣総理大臣声明,安倍晋三
720,2017,東方経済フォーラム全体会合　安倍総理スピーチ,安倍晋三
721,2017,安倍晋三内閣総理大臣によるエンリケ・ペニャ・ニエト・メキシコ合衆国大統領宛てメッセージ,安倍晋三
722,2017,第５１回自衛隊高級幹部会同　安倍内閣総理大臣訓示,安倍晋三
723,2017,安倍内閣総理大臣コメント（北朝鮮による核実験等に関する国連安保理決議の採択について）,安倍晋三
724,2017,安倍内閣総理大臣コメント,安倍晋三
725,2017,高速鉄道起工式典　安倍総理スピーチ,安倍晋三
726,2017,日・インド・ビジネス全体会合　安倍総理スピーチ,安倍晋三
727,2017,ＵＨＣ:万人の健康を通じたＳＤＧｓの達成 安倍総理スピーチ,安倍晋三
728,2017,安倍晋三内閣総理大臣によるエンリケ・ペニャ・ニエト・メキシコ合衆国大統領宛てメッセージ,安倍晋三
729,2017,第７２回国連総会における安倍内閣総理大臣一般討論演説,安倍晋三
730,2017,ニューヨーク証券取引所における安倍総理の経済スピーチ,安倍晋三
731,2017,ＨｅＦｏｒＳｈｅ ＩＭＰＡＣＴ１０×１０×１０ 男女平等報告書発表式　安倍総理スピーチ,安倍晋三
732,2017,日中国交正常化４５周年に関する安倍晋三内閣総理大臣及び李克強・中華人民共和国国務院総理の祝電の交換,安倍晋三
733,2017,護衛艦「みょうこう」における安倍内閣総理大臣訓示,安倍晋三
734,2017,ＳＴＳフォーラム第１４回年次総会における安倍総理スピーチ,安倍晋三
735,2017,米国ラスベガスにおける銃撃事件を受けた安倍内閣総理大臣によるドナルド・トランプ大統領宛てお見舞いメッセージ,安倍晋三
736,2017,ノーベル文学賞 内閣総理大臣コメント,安倍晋三
737,2017,内閣総理大臣談話（安倍晋三内閣総理大臣）,安倍晋三
738,2017,国際女性会議ＷＡＷ！（ＷＡＷ！２０１７）特別イベント「女性のエンパワーメント」 安倍総理スピーチ,安倍晋三
739,2017,イラン・イラク国境で発生した地震を受けた安倍内閣総理大臣によるフアード・マアスーム・イラク共和国大統領及びハイダル・アバーディー・イラク共和国首相宛てお見舞いメッセージ,安倍晋三
740,2017,エジプトのシナイ半島におけるテロ事件を受けた安倍内閣総理大臣によるアブドゥルファッターハ・エルシーシ・エジプト・アラブ共和国大統領宛てお見舞いメッセージ,安倍晋三
741,2017,安倍晋三内閣総理大臣によるドナルド・トランプ米国大統領宛てメッセージ,安倍晋三
742,2017,内閣総理大臣の談話（安倍晋三内閣総理大臣）,安倍晋三
743,2017,ＵＨＣフォーラム２０１７ハイレベルオープニングセッション 安倍総理スピーチ,安倍晋三
744,2017,共同通信加盟社編集局長会議安倍総理スピーチ,安倍晋三
745,2017,内外情勢調査会全国懇談会 安倍総理講演,安倍晋三
746,2017,北朝鮮による弾道ミサイル発射等に関する国連安保理決議の採択について（安倍晋三内閣総理大臣コメント）,安倍晋三
747,2018,安倍内閣総理大臣　平成３０年　年頭所感,安倍晋三
748,2018,日本インドネシア国交樹立６０周年に際する安倍晋三内閣総理大臣及びジョコ・ウィドド・インドネシア共和国大統領のメッセージの交換,安倍晋三
749,2018,台湾東部で発生した地震を受けた安倍内閣総理大臣によるお見舞いメッセージ,安倍晋三
750,2018,「建国記念の日」を迎えるに当たっての内閣総理大臣メッセージ（安倍晋三内閣総理大臣）,安倍晋三
751,2018,ロシア・モスクワ近郊における民間旅客機墜落に際する安倍内閣総理大臣によるウラジーミル・ウラジーミロヴィチ・プーチン・ロシア連邦大統領宛て弔意メッセージ,安倍晋三
752,2018,国民の皆様へ（東日本大震災七周年に当たって）（安倍晋三内閣総理大臣）,安倍晋三
753,2018,「東日本大震災七周年追悼式」における内閣総理大臣式辞（安倍晋三内閣総理大臣）,安倍晋三
754,2018,平成２９年度　防衛大学校卒業式　内閣総理大臣訓示（安倍晋三内閣総理大臣）,安倍晋三
755,2018,フランス南部カルカッソンヌ近郊でのテロ事件を受けた安倍内閣総理大臣によるエマニュエル・マクロン・フランス共和国大統領宛てお見舞いメッセージ,安倍晋三
756,2018,海上保安大学校卒業式　内閣総理大臣祝辞（安倍晋三内閣総理大臣）,安倍晋三
757,2018,ロシア・ケメロヴォ州における商業施設の火災を受けた安倍総理大臣発プーチン・ロシア大統領宛て弔意メッセージ,安倍晋三
758,2018,第５２回 国家公務員合同初任研修開講式　安倍内閣総理大臣訓示,安倍晋三
759,2018,日ＵＡＥビジネス・フォーラム 安倍総理スピーチ,安倍晋三
760,2018,インド北部を中心とする砂嵐被害に対する安倍総理大臣発モディ・インド首相宛てお見舞いメッセージ,安倍晋三
761,2018,日中韓ビジネスサミット 安倍総理スピーチ,安倍晋三
762,2018,パリ市内におけるナイフによる襲撃事件を受けた安倍総理大臣発エマニュエル・マクロン・フランス共和国大統領宛てお見舞いメッセージ,安倍晋三
763,2018,太平洋・島サミット（ＰＡＬＭ８）首脳会合における安倍総理の冒頭発言,安倍晋三
764,2018,日露ビジネス対話 安倍総理スピーチ,安倍晋三
765,2018,サンクトペテルブルク国際経済フォーラム 安倍総理スピーチ,安倍晋三
766,2018,第２４回国際交流会議「アジアの未来」晩さん会 安倍総理スピーチ,安倍晋三
767,2018,内閣総理大臣コメント（Ｈ－IIＡロケット３９号機の打上げ成功について）,安倍晋三
768,2018,平成３０年沖縄全戦没者追悼式における内閣総理大臣挨拶,安倍晋三
769,2018,「長崎と天草地方の潜伏キリシタン関連遺産」世界遺産登録に当たっての総理メッセージ,安倍晋三
770,2018,第５回ＲＣＥＰ中間閣僚会合 安倍総理スピーチ,安倍晋三
771,2018,"シンポジウム・アジアの価値観と民主主義における安倍晋三日本国総理大臣の挨拶
",安倍晋三
772,2018,２０１８年「海の日」を迎えるに当たっての内閣総理大臣メッセージ,安倍晋三
773,2018,広島市原爆死没者慰霊式並びに平和祈念式あいさつ,安倍晋三
774,2018,長崎原爆犠牲者慰霊平和祈念式典あいさつ,安倍晋三
775,2018,"日中平和友好条約署名４０周年に関する安倍晋三内閣総理大臣及び李克強・中華人民共和国国務院総理の祝電の交換
",安倍晋三
776,2018,平成三十年　全国戦没者追悼式式辞,安倍晋三
777,2018,インド南部ケララ州を中心とする豪雨被害に対する安倍総理大臣発ナレンドラ・モディ・インド首相宛てお見舞いメッセージ,安倍晋三
778,2018,アナン元国連事務総長の逝去を受けた安倍総理大臣によるアントニオ・マヌエル・デ・オリヴェイラ・グテーレス国連事務総長宛て弔意メッセージ,安倍晋三
779,2018,マケイン米上院議員の逝去を受けた安倍総理大臣によるメッセージの発出,安倍晋三
780,2018,第５２回自衛隊高級幹部会同　安倍内閣総理大臣訓示,安倍晋三
781,2018,東方経済フォーラム全体会合　安倍総理スピーチ,安倍晋三
782,2018,フィナンシャル・タイムズ紙（英国）への安倍総理大臣寄稿,安倍晋三
783,2018,第７３回国連総会における安倍内閣総理大臣一般討論演説,安倍晋三
784,2018,インドネシア・スラウェシ島で発生した地震及び津波による被害に対する安倍総理大臣によるお見舞いメッセージ,安倍晋三
785,2018,ノーベル生理学・医学賞 内閣総理大臣コメント,安倍晋三
786,2018,内閣総理大臣談話,安倍晋三
787,2018,ＳＴＳフォーラム第１５回年次総会における安倍総理スピーチ,安倍晋三
788,2018,共同通信加盟社編集局長会議 安倍総理スピーチ,安倍晋三
789,2018,平成３０年度自衛隊記念日観閲式　安倍内閣総理大臣訓示,安倍晋三
790,2018,消費税率引上げとそれに伴う対応について（臨時閣議における総理発言）,安倍晋三
791,2018,明治１５０年記念式典　安倍内閣総理大臣式辞,安倍晋三
792,2018,日中平和友好条約締結４０周年記念レセプション　安倍総理挨拶,安倍晋三
793,2018,日中第三国市場協力フォーラム　安倍総理スピーチ,安倍晋三
794,2018,イクシス記念式典　安倍総理挨拶,安倍晋三
795,2018,巡視船「えちご」における安倍内閣総理大臣訓示,安倍晋三
796,2018,内閣総理大臣コメント（第１６４回ＢＩＥ総会において、日本が２０２５年国際博覧会の開催地として選ばれたことについて）,安倍晋三
797,2018,「来訪神：仮面・仮装の神々」のユネスコ無形文化遺産登録に当たっての総理メッセージ,安倍晋三
798,2018,日・アルゼンチン外交関係樹立１２０周年閉幕式　安倍総理挨拶,安倍晋三
799,2018,ジョージ・Ｈ・Ｗ・ブッシュ第４１代米国大統領の逝去に関する安倍内閣総理大臣の談話,安倍晋三
800,2018,在パラグアイの日系人・在留邦人との懇談　安倍総理挨拶,安倍晋三
801,2018,在ウルグアイ日系人・在留邦人との懇談　安倍総理挨拶,安倍晋三
802,2018,高知県沖における米海兵機の墜落事故を受けた安倍総理大臣によるトランプ米国大統領宛てメッセージ,安倍晋三
803,2018,フランス・ストラスブール市内における銃撃事件を受けた安倍総理大臣のお見舞いメッセージ,安倍晋三
804,2019,ロシア・チェリャビンスク州におけるアパートでのガス爆発事故を受けた安倍総理大臣によるウラジーミル・ウラジーミロヴィチ・プーチン・ロシア連邦大統領宛てお見舞いメッセージ,安倍晋三
805,2019,ジャパン・ナイト　安倍総理スピーチ,安倍晋三
806,2019,世界経済フォーラム年次総会　安倍総理スピーチ,安倍晋三
807,2019,安倍晋三内閣総理大臣による春節メッセージ,安倍晋三
808,2019,安倍晋三内閣総理大臣による春節の挨拶,安倍晋三
809,2019,「建国記念の日」を迎えるに当たっての内閣総理大臣メッセージ,安倍晋三
810,2019,インド北部ジャンム・カシミール州におけるテロ事件に対する安倍総理大臣によるお見舞いメッセージ,安倍晋三
811,2019,国民の皆様へ（東日本大震災八周年に当たって）,安倍晋三
812,2019,「天皇陛下御在位三十年記念式典」における内閣総理大臣式辞,安倍晋三
813,2019,「東日本大震災八周年追悼式」における内閣総理大臣式辞,安倍晋三
814,2019,Ｂ２０東京サミット閉会セッション安倍総理挨拶,安倍晋三
815,2019,クライストチャーチのモスクでの銃撃事件に対する安倍総理大臣のメッセージの発出,安倍晋三
816,2019,平成３０年度　防衛大学校卒業式　内閣総理大臣訓示,安倍晋三
817,2019,第５回 国際女性会議ＷＡＷ！／Ｗ２０安倍総理挨拶,安倍晋三
818,2019,第５３回 国家公務員合同初任研修開講式　安倍内総理大臣訓示,安倍晋三
819,2019,スリランカにおけるテロ事件に対する安倍総理大臣発シリセーナ大統領宛のお見舞いメッセージの発出,安倍晋三
820,2019,スリランカにおけるテロ事件に対する安倍総理大臣発ウィクラマシンハ首相宛のお見舞いメッセージの発出,安倍晋三
821,2019,退位礼正殿の儀　国民代表の辞,安倍晋三
822,2019,即位後朝見の儀　国民代表の辞,安倍晋三
823,2019,第２５回 国際交流会議「アジアの未来」晩さん会安倍総理スピーチ,安倍晋三
825,2019,令和元年沖縄全戦没者追悼式における内閣総理大臣挨拶,安倍晋三
826,2019,Ｇ２０大阪サミット デジタル経済に関する首脳特別イベント 安倍総理スピーチ,安倍晋三
827,2019,Ｇ２０大阪サミット 第１セッション 安倍総理スピーチ,安倍晋三
828,2019,Ｇ２０大阪サミット 女性のエンパワーメントに関する首脳特別イベント 安倍総理スピーチ,安倍晋三
829,2019,Ｇ２０大阪サミット 第３セッション 安倍総理スピーチ,安倍晋三
830,2019,Ｇ２０大阪サミット　閉会セッション　安倍総理スピーチ,安倍晋三
831,2019,日露交流年閉会式 安倍総理挨拶,安倍晋三
832,2019,「百舌鳥・古市古墳群」世界文化遺産登録に当たっての総理メッセージ（安倍晋三総理大臣）,安倍晋三
833,2019,ハンセン病家族国家賠償請求訴訟の判決受入れに当たっての内閣総理大臣談話,安倍晋三
834,2019,２０１９年「海の日」を迎えるに当たっての内閣総理大臣メッセージ,安倍晋三
835,2019,東京２０２０オリンピック１年前セレモニー 安倍総理挨拶,安倍晋三
836,2019,広島市原爆死没者慰霊式並びに平和祈念式あいさつ,安倍晋三
837,2019,米国テキサス州エルパソ市、オハイオ州デイトン市における銃撃事件を受けた安倍総理大臣によるドナルド・トランプ米国大統領宛てお見舞いメッセージ,安倍晋三
838,2019,長崎原爆犠牲者慰霊平和祈念式典あいさつ,安倍晋三
839,2019,令和元年度全国戦没者追悼式総理大臣式辞,安倍晋三
840,2019,ササカワ・アフリカ財団主催シンポジウム「アフリカ農業と未来―若者の力と農業ビジネス―」 安倍総理スピーチ,安倍晋三
841,2019,ＳＴＳフォーラム 安倍総理スピーチ,安倍晋三
842,2019,ＴＩＣＡＤ７開会式・全体会合 安倍総理基調演説,安倍晋三
843,2019,ＴＩＣＡＤ７全体会合３ 官民ビジネス対話 安倍総理スピーチ,安倍晋三
844,2019,アフリカの角及び周辺地域の平和と安定特別会合 安倍総理挨拶,安倍晋三
845,2019,ＪＥＴＲＯ主催ビジネスフォーラム 安倍総理スピーチ,安倍晋三
846,2019,第7回アフリカ開発会議（TICAD7）　閉会式における安倍総理大臣による挨拶,安倍晋三
847,2019,東方経済フォーラム全体会合　安倍総理スピーチ,安倍晋三
848,2019,内閣総理大臣談話（安倍晋三内閣総理大臣）,安倍晋三
849,2019,ポヒヴァ・トンガ首相の逝去を受けた安倍総理大臣によるセミシ・キオア・ラフ・シカ・トンガ首相兼外相代行宛て弔意メッセージ,安倍晋三
850,2019,第５３回自衛隊高級幹部会同　安倍内閣総理大臣訓示,安倍晋三
851,2019,国連ユニバーサル・ヘルス・カバレッジ（ＵＨＣ）ハイレベル会合 安倍総理スピーチ,安倍晋三
852,2019,ＳＤＧサミット 総理スピーチ,安倍晋三
853,2019,第７４回国連総会における安倍内閣総理大臣一般討論演説,安倍晋三
854,2019,欧州連結性フォーラム 安倍総理基調講演,安倍晋三
855,2019,ジャック・シラク・フランス共和国元大統領の逝去を受けた安倍総理大臣からベルナデット・シラク元大統領夫人へのメッセージ,安倍晋三
856,2019,共同通信加盟社編集局長会議 安倍総理スピーチ,安倍晋三
857,2019,ＳＴＳフォーラム第１６回年次総会における安倍総理スピーチ,安倍晋三
858,2019,ノーベル化学賞 内閣総理大臣コメント,安倍晋三
859,2019,アビィ・エチオピア首相のノーベル平和賞受賞に際する安倍総理大臣による祝意メッセージ,安倍晋三
860,2019,即位礼正殿の儀　寿詞,安倍晋三
861,2019,緒方貞子国際協力機構（ＪＩＣＡ）元理事長の逝去に際する安倍総理大臣メッセージ,安倍晋三
862,2019,内閣総理大臣の談話（中曽根元内閣総理大臣の逝去について）,安倍晋三
863,2019,内外情勢調査会全国懇談会 安倍総理講演,安倍晋三
864,2019,安倍総理　訪中にあたってのコメント,安倍晋三
865,2019,日中韓ビジネスサミット 安倍総理スピーチ,安倍晋三
866,2020,安倍内閣総理大臣　令和２年　年頭所感,安倍晋三
867,2020,カブース・ビン・サイード・アール・サイード国王陛下の崩御に関する安倍内閣総理大臣の談話,安倍晋三
868,2020,安倍晋三内閣総理大臣「中文導報」「東方新報」向け春節（旧正月）メッセージ,安倍晋三
869,2020,日米安全保障条約60周年記念レセプション（安倍総理挨拶）,安倍晋三
870,2020,トルコ東部エラズー県における地震被害に対する安倍内閣総理大臣によるレジェップ・タイップ・エルドアン・トルコ共和国大統領宛てお見舞いメッセージ,安倍晋三
871,2020,内閣総理大臣コメント（Ｈ－IIＡロケット４１号機の打上げ成功について）,安倍晋三
872,2020,「建国記念の日」を迎えるに当たっての内閣総理大臣メッセージ,安倍晋三
873,2020,国民の皆様へ（東日本大震災九周年に当たって）,安倍晋三
874,2020,国民の皆様へ（東日本大震災九周年に当たって）,安倍晋三
875,2020,令和元年度　防衛大学校卒業式　内閣総理大臣訓示,安倍晋三
876,2020,令和二年沖縄全戦没者追悼式　内閣総理大臣挨拶,安倍晋三
877,2020,クリバリ・コートジボワール共和国首相の逝去に関する安倍総理大臣によるアラサン・ウワタラ・コートジボワール共和国大統領宛て弔意書簡,安倍晋三
878,2020,「海の日」を迎えるに当たっての内閣総理大臣メッセージ,安倍晋三
879,2020,タランギ前ニウエ首相兼外相の逝去に関する我が国の弔意表明,安倍晋三
880,2020,広島市原爆死没者慰霊式並びに平和祈念式あいさつ,安倍晋三
881,2020,長崎原爆犠牲者慰霊平和祈念式典あいさつ,安倍晋三
882,2020,令和２年度全国戦没者追悼式総理大臣式辞,安倍晋三
883,2020,内閣総理大臣の談話（安倍晋三内閣総理大臣）,安倍晋三
884,2020,内閣総辞職に当たっての内閣総理大臣談話（安倍晋三内閣総理大臣）,安倍晋三
885,2020,内閣総理大臣の談話（菅義偉内閣総理大臣）,菅義偉
886,2020,第７５回国連総会における菅内閣総理大臣一般討論演説,菅義偉
887,2020,国際連合世界食糧計画（ＷＦＰ）のノーベル平和賞受賞に際する菅総理大臣による祝意メッセージ,菅義偉
888,2020,共同通信加盟社編集局長会議　菅総理スピーチ,菅義偉
889,2020,日越大学における菅総理政策スピーチ,菅義偉
890,2020,立皇嗣宣明の儀　寿詞（菅義偉内閣総理大臣）,菅義偉
891,2020,「APEC・CEOとの対話」菅義偉内閣総理からのビデオメッセージ,菅義偉
892,2020,令和２年度航空観閲式　菅内閣総理大臣訓示,菅義偉
893,2020,国連新型コロナ特別総会における菅総理大臣スピーチ,菅義偉
894,2020,第５４回自衛隊高級幹部会同　菅内閣総理大臣訓示,菅義偉
895,2020,"「伝統建築工匠の技」のユネスコ無形文化遺産登録に当たっての総理メッセージ
",菅義偉
896,2020,日本アカデメイア　交流会　菅内閣総理大臣スピーチ,菅義偉
897,2020,アジアの価値観と民主主義シンポジウムにおける菅総理大臣開会挨拶,菅義偉
898,2020,読売国際経済懇話会（ＹＩＥＳ）講演会　菅内閣総理大臣講演,菅義偉
899,2020,内外情勢調査会全国懇談会　菅内閣総理大臣講演,菅義偉
900,2021,菅内閣総理大臣　令和３年　年頭所感,菅義偉
901,2021,阪神・淡路大震災２６年に当たっての菅内閣総理大臣メッセージ,菅義偉
902,2021,「東日本大震災十周年追悼式」における内閣総理大臣式辞,菅義偉
903,2021,東日本大震災発災１０年に際する日米首脳共同メッセージ,菅義偉
904,2021,令和２年度　防衛大学校卒業式　内閣総理大臣訓示,菅義偉
905,2021,第２６回国際交流会議「アジアの未来」菅総理スピーチ,菅義偉
906,2021,広島市原爆死没者慰霊式並びに平和祈念式あいさつ,菅義偉
907,2021,長崎原爆犠牲者慰霊平和祈念式典あいさつ,菅義偉
908,2021,令和３年度全国戦没者追悼式総理大臣式辞,菅義偉
909,2021,第７６回国連総会における菅内閣総理大臣一般討論演説,菅義偉
910,2021,内閣総理大臣談話（岸田内閣総理大臣談話）（2021年10月4日）,岸田文雄
911,2021,ＣＯＰ２６世界リーダーズ・サミット 岸田総理スピーチ,岸田文雄
912,2021,内閣総理大臣談話（岸田内閣総理大臣談話）（2021年11月10日）,岸田文雄
913,2021,令和３年度自衛隊記念日観閲式　岸田内閣総理大臣訓示,岸田文雄
914,2021,東京栄養サミット２０２１　岸田総理大臣スピーチ,岸田文雄
915,2021,ＧＺＥＲＯサミット２０２１における岸田内閣総理大臣挨拶,岸田文雄
916,2021,民主主義のためのサミット　岸田総理ビデオメッセージ,岸田文雄
917,2021,ＩＤＡ２０最終会合における岸田総理ビデオメッセージ,岸田文雄
918,2021,第７回日中企業家及び元政府高官対話（日中ＣＥＯ等サミット）における岸田総理ビデオメッセージ,岸田文雄
919,2021,読売国際経済懇話会（ＹＩＥＳ）講演会　岸田内閣総理大臣講演,岸田文雄
920,2021,ひろしまラウンドテーブル２０２１における岸田総理ビデオメッセージ,岸田文雄
921,2021,内外情勢調査会全国懇談会　岸田内閣総理大臣講演,岸田文雄
922,2022,岸田内閣総理大臣　令和４年　年頭所感,岸田文雄
923,2022,トンガ沖で発生した大規模な海底火山噴火に伴う地震・津波による被害に対する岸田内閣総理大臣のお見舞いメッセージ,岸田文雄
924,2022,「ダボス・アジェンダ2022」における岸田総理大臣の特別演説,岸田文雄
925,2022,岸田文雄内閣総理大臣による春節の挨拶,岸田文雄
926,2022,ブラジル連邦共和国リオデジャネイロ州ペトロポリス市における洪水と土砂災害に対する岸田内閣総理大臣のお見舞いメッセージ,岸田文雄
927,2022,第３回東京グローバル・ダイアログにおける岸田総理ビデオメッセージ,岸田文雄
928,2022,「国際女性の日」に当たっての岸田内閣総理大臣ビデオメッセージ,岸田文雄
929,2022,「東日本大震災追悼復興祈念式」における内閣総理大臣追悼の辞,岸田文雄
930,2022,「東京会議２０２２」に当たっての岸田内閣総理大臣ビデオメッセージ,岸田文雄
931,2022,岸田総理によるＩｎｄｉａｎ　Ｅｘｐｒｅｓｓ紙への寄稿文,岸田文雄
932,2022,中国での旅客機墜落事故を受けた岸田内閣総理大臣発習近平中国国家主席及び李克強中国国務院総理へのメッセージ,岸田文雄
933,2022,海上保安大学校卒業式　内閣総理大臣祝辞,岸田文雄
934,2022,令和３年度　防衛大学校卒業式　内閣総理大臣訓示,岸田文雄
935,2022,ＣＯＶＡＸワクチン・サミット２０２２　岸田総理大臣ビデオメッセージ,岸田文雄
936,2022,ＥＵ（欧州連合）・カナダ共催ウクライナ避難民向けプレッジング・イベント　岸田総理大臣ビデオ・メッセージ,岸田文雄
937,2022,第７回アワオーシャン会議　岸田内閣総理大臣ビデオメッセージ,岸田文雄
938,2022,南アフリカ共和国における洪水に対する岸田内閣総理大臣のお見舞いメッセージ,岸田文雄
939,2022,アジア・太平洋水サミット首脳級会合　岸田総理スピーチ,岸田文雄
940,2022,ギルドホールにおける岸田総理基調講演,岸田文雄
941,2022,第2回「新型コロナ・サミット」 岸田総理大臣ビデオメッセージ,岸田文雄
942,2022,日・フィンランド共催イベント「デジタル化の社会的インパクト～Ｂｅｙｏｎｄ ５Ｇの社会に向けて～」　岸田内閣総理大臣ビデオメッセージ,岸田文雄
943,2022,ハリーファ・ビン・ザーイド・アール・ナヒヤーン・アラブ首長国連邦大統領殿下の御薨去に関する岸田内閣総理大臣の談話,岸田文雄
944,2022,沖縄復帰５０周年記念式典 岸田内閣総理大臣式辞,岸田文雄
945,2022,インド太平洋経済枠組みの立上げ　岸田総理大臣による挨拶,岸田文雄
946,2022,第２７回国際交流会議「アジアの未来」晩さん会　岸田総理スピーチ,岸田文雄
947,2022,ブラジル連邦共和国ペルナンブコ州における洪水と土砂災害に対する岸田内閣総理大臣のお見舞いメッセージ,岸田文雄
948,2022,シャングリラ・ダイアローグ（アジア安全保障会議）における岸田総理基調講演,岸田文雄
949,2022,エネルギーと気候に関する主要経済国フォーラム（ＭＥＦ）に際しての岸田総理ビデオメッセージ,岸田文雄
950,2022,令和４年沖縄全戦没者追悼式における内閣総理大臣挨拶,岸田文雄
951,2022,岸田総理によるフランクフルターアルゲマイネ紙への寄稿文,岸田文雄
952,2022,岸田総理によるエル・パイス紙への寄稿文：ＮＡＴＯ首脳会合出席に当たっての日本のヴィジョン,岸田文雄
953,2022,パキスタン各地における豪雨被害に関する岸田総理大臣によるお見舞いメッセージ,岸田文雄
954,2022,「海の日」を迎えるに当たっての内閣総理大臣メッセージ,岸田文雄
955,2022,日本経済団体連合会夏季フォーラム　岸田内閣総理大臣講演,岸田文雄
956,2022,ＮＰＴ（核兵器不拡散条約）運用検討会議における岸田内閣総理大臣一般討論演説,岸田文雄
957,2022,広島市原爆死没者慰霊式並びに平和祈念式あいさつ,岸田文雄
958,2022,長崎原爆犠牲者慰霊平和祈念式典あいさつ,岸田文雄
959,2022,内閣総理大臣談話（岸田内閣総理大臣）,岸田文雄
960,2022,令和４年度全国戦没者追悼式総理大臣式辞,岸田文雄
961,2022,クリミア・プラットフォーム首脳会合　岸田総理大臣ビデオ・メッセージ,岸田文雄
962,2022,岸田総理によるジャパンタイムズ紙への寄稿文「日本とアフリカで持続可能な世界を構築する好機」,岸田文雄
963,2022,岸田総理によるラ・プレス・ド・チュニジィ紙への寄稿文「ＴＩＣＡＤ８のチュニジア開催に向けて」,岸田文雄
964,2022,岸田総理によるアラブ・ニュース紙への寄稿文「ＴＩＣＡＤ８の開催に向けて」,岸田文雄
965,2022,ＴＩＣＡＤ８開会式　岸田総理スピーチ,岸田文雄
966,2022,ビジネス・フォーラム　岸田総理大臣ビデオメッセージ,岸田文雄
967,2022,第４回野口英世アフリカ賞授賞式　岸田総理大臣ビデオメッセージ,岸田文雄
968,2022,第8回アフリカ開発会議（TICAD8）閉会式における岸田総理大臣による挨拶,岸田文雄
969,2022,内閣総理大臣の談話（ミハイル・ゴルバチョフ元ソビエト連邦大統領の逝去について）,岸田文雄
970,2022,エリザベス二世女王陛下の崩御に関する岸田内閣総理大臣の談話,岸田文雄
971,2022,第７７回国連総会における岸田内閣総理大臣一般討論演説,岸田文雄
972,2022,第１０回ＣＴＢＴフレンズ首脳級（ハイレベル）会合（岸田総理大臣挨拶）,岸田文雄
973,2022,ＨｅＦｏｒＳｈｅサミット　岸田総理スピーチ,岸田文雄
974,2022,グローバルファンド第７次増資会合　岸田総理スピーチ,岸田文雄
975,2022,ニューヨーク証券取引所における岸田内閣総理大臣スピーチ,岸田文雄
976,2022,故安倍晋三国葬儀における追悼の辞（岸田内閣総理大臣）,岸田文雄
977,2022,Ｇゼロサミットに関する岸田総理メッセージ,岸田文雄
978,2022,日中国交正常化５０周年に関する岸田文雄内閣総理大臣及び習近平・中華人民共和国国家主席のメッセージの交換,岸田文雄
979,2022,日中国交正常化５０周年に関する岸田文雄内閣総理大臣及び李克強・中華人民共和国国務院総理のメッセージの交換,岸田文雄
980,2022,岸田総理大臣によるレジェップ・タイップ・エルドアン・トルコ共和国大統領宛お見舞いメッセージの発出,岸田文雄
981,2022,ナイジェリア連邦共和国における洪水に対する岸田内閣総理大臣のお見舞いメッセージ,岸田文雄
982,2022,「世界津波の日」２０２２高校生サミットｉｎ新潟　岸田総理ビデオメッセージ,岸田文雄
983,2022,ウクライナ復興・再建・近代化に関する国際専門家会議　岸田総理ビデオメッセージ,岸田文雄
984,2022,２０２２年米日カウンシル年次総会　総理祝辞（岸田内閣総理大臣）,岸田文雄
985,2022,韓国ソウル・梨泰院で発生した事故に関する岸田総理大臣によるお見舞いメッセージの発出,岸田文雄
986,2022,令和４年度国際観艦式　岸田内閣総理大臣訓示,岸田文雄
987,2022,ＡＳＥＡＮビジネス投資サミット　岸田総理ビデオメッセージ,岸田文雄
988,2022,岸田総理によるクメール・タイムズ紙への寄稿文,岸田文雄
989,2022,G20 バリ・サミットにおけるグローバル・インフラ投資パートナーシップに関する サイドイベント　岸田総理発言内容,岸田文雄
990,2022,インドネシア西ジャワ州チアンジュールで発生した地震被害に対する岸田総理大臣によるお見舞いメッセージの発出,岸田文雄
991,2022,「風流踊」のユネスコ無形文化遺産登録に当たっての内閣総理大臣メッセージ,岸田文雄
992,2022,江沢民・中華人民共和国元国家主席の逝去を受けた岸田総理大臣の弔意メッセージ,岸田文雄
993,2022,国際女性会議WAW!2022　岸田総理開会挨拶,岸田文雄
994,2022,「核兵器のない世界」のための国際賢人会議第１回会合　開会セッションにおける岸田内閣総理大臣挨拶,岸田文雄
995,2022,「核兵器のない世界」のための国際賢人会議第1回会合　閉会セッションにおける岸田内閣総理大臣挨拶,岸田文雄
996,2022,内外情勢調査会全国懇談会　岸田内閣総理大臣講演,岸田文雄
997,2023,岸田内閣総理大臣　令和５年　年頭所感,岸田文雄
998,2023,Ｇ７広島サミットに向けての岸田総理ビデオメッセージ,岸田文雄
999,2023,ジョンズ・ホプキンス大学高等国際関係大学院における岸田総理スピーチ,岸田文雄
1000,2023,岸田文雄内閣総理大臣　２０２３年春節祝辞,岸田文雄
1001,2023,岸田総理によるランセット誌への寄稿文,岸田文雄
1002,2023,内閣総理大臣コメント（Ｈ－IIＡロケット４６号機の打上げ成功について）,岸田文雄
1003,2023,岸田総理大臣によるレジェップ・タイップ・エルドアン・トルコ共和国大統領宛お見舞いメッセージの発出,岸田文雄
1004,2023,「建国記念の日」を迎えるに当たっての内閣総理大臣メッセージ,岸田文雄
1005,2023,第4回東京グローバルダイアログ　岸田総理大臣　挨拶,岸田文雄
1006,2023,国民の皆様へ,岸田文雄
1007,2023,ブラジル連邦共和国サンパウロ州北部沿岸部における洪水と土砂災害に対する岸田総理大臣のお見舞いメッセージ,岸田文雄
1008,2023,「国際女性の日」に当たっての岸田内閣総理大臣ビデオメッセージ,岸田文雄
1009,2023,「東日本大震災追悼復興祈念式」における内閣総理大臣追悼の辞,岸田文雄
1010,2023,国連支援募金３０周年記念イベント　岸田内閣総理大臣ビデオメッセージ,岸田文雄
1011,2023,広島市・世界銀行共催国際カンファレンス　岸田内閣総理大臣ビデオメッセージ,岸田文雄
1012,2023,日本ＡＳＥＡＮ友好協力５０周年記念シンポジウム　岸田総理ビデオメッセージ,岸田文雄
1013,2023,岸田総理大臣のインド世界問題評議会における政策スピーチ,岸田文雄
1014,2023,岸田総理によるインディアン・エクスプレス紙への寄稿,岸田文雄
1015,2023,エクアドル共和国グアヤス県南部における地震被害に対する岸田総理大臣のお見舞いメッセージの発出,岸田文雄
1016,2023,令和４年度　防衛大学校卒業式　内閣総理大臣訓示,岸田文雄
1017,2023,民主主義のためのサミット　岸田総理ビデオメッセージ,岸田文雄
1018,2023,岸田総理による外交専門誌「外交」への寄稿文,岸田文雄
1019,2023,ウクライナにおけるロシアの戦争犯罪等のアカウンタビリティに関するブチャ・サミット　岸田内閣総理大臣ビデオメッセージ,岸田文雄
1020,2023,エネルギーと気候に関する主要経済国フォーラム（ＭＥＦ）に際しての岸田総理ビデオメッセージ,岸田文雄
1021,2023,Ｇ７広島サミットに向けた世界人口開発議員会議（ＧＣＰＰＤ）２０２３　岸田総理基調講演,岸田文雄
1022,2023,アラブ連盟各国駐在代表に対する岸田総理挨拶,岸田文雄
1023,2023,日本・エジプト友好レセプションにおける岸田総理挨拶,岸田文雄
1024,2023,岸田総理によるアハラーム紙への寄稿文「１００年後の繁栄に向けて、エジプトと手を携えて」,岸田文雄
1025,2023,日・エジプト・ビジネスフォーラムにおける岸田総理挨拶,岸田文雄
1026,2023,ＩＯＷＮ Global Forum年次総会に際しての岸田総理ビデオメッセージ,岸田文雄
1027,2023,アフリカ・デーに際しての総理メッセージ（岸田内閣総理大臣）,岸田文雄
1028,2023,日経フォーラム第２８回「アジアの未来」晩さん会　岸田総理スピーチ（岸田内閣総理大臣）,岸田文雄
1029,2023,Hydrogen Council ＣＥＯ会合に際しての岸田総理ビデオメッセージ,岸田文雄
1030,2023,インドにおける列車事故に関する岸田総理大臣によるお見舞いメッセージ,岸田文雄
1031,2023,内閣総理大臣談話（岸田内閣総理大臣）,岸田文雄
1032,2023,Ｇａｖｉ中間期間評価会合に向けた岸田総理メッセージ,岸田文雄
1033,2023,早稲田大学講演会（岸田内閣総理大臣）,岸田文雄
1034,2023,令和５年沖縄全戦没者追悼式における内閣総理大臣挨拶（岸田内閣総理大臣）,岸田文雄
1035,2023,韓国における豪雨被害に関する岸田総理大臣によるお見舞いメッセージ,岸田文雄
1036,2023,日・ＵＡＥビジネス・フォーラム岸田総理スピーチ,岸田文雄
1037,2023,岸田総理によるＵＡＥ国営通信ＷＡＭへの寄稿文,岸田文雄
1038,2023,日・カタール・ビジネス・レセプション岸田総理スピーチ,岸田文雄
1039,2023,日本経済団体連合会夏季フォーラム２０２３　岸田内閣総理大臣講演,岸田文雄
1040,2023,半導体戦略シンポジウムにおける岸田総理ビデオメッセージ,岸田文雄
1041,2023,広島市原爆死没者慰霊式並びに平和祈念式あいさつ（岸田内閣総理大臣）,岸田文雄
1042,2023,長崎原爆犠牲者慰霊平和祈念式典における岸田総理ビデオメッセージ,岸田文雄
1043,2023,米国ハワイ州における山火事被害に関する岸田総理大臣によるお見舞いメッセージ,岸田文雄
1044,2023,令和５年度全国戦没者追悼式総理大臣式辞（岸田内閣総理大臣）,岸田文雄
1045,2023,クリミア・プラットフォーム首脳会合　岸田総理ビデオメッセージ,岸田文雄
1046,2023,ウクライナ独立記念日　岸田総理大臣ビデオ・メッセージ,岸田文雄
1047,2023,「ＴＩＣＡＤ３０周年記念イベント」岸田総理ビデオメッセージ,岸田文雄
1048,2023,三陸常磐ものを食べて応援　岸田総理ビデオメッセージ,岸田文雄
1049,2023,ＡＳＥＡＮビジネス投資サミット　岸田総理ビデオメッセージ,岸田文雄
1050,2023,岸田総理によるコンパス紙への寄稿文,岸田文雄
1051,2023,AIPF(ASEAN インド太平洋フォーラム)での岸田総理大臣スピーチ,岸田文雄
1052,2023,三海域イニシアティブ首脳会合における岸田総理ビデオメッセージ,岸田文雄
1053,2023,G20ニューデリー・サミットにおけるグローバル・インフラ投資パートナーシップ(PGII)に関するサイドイベント　岸田総理発言内容,岸田文雄
1054,2023,モロッコ王国中部における地震被害に対する岸田総理のお見舞いメッセージ,岸田文雄
1055,2023,リビア東部における洪水被害に対する岸田内閣総理大臣のお見舞いメッセージ,岸田文雄
1056,2023,第７８回国連総会における岸田内閣総理大臣一般討論演説,岸田文雄
1057,2023,ＦＭＣＴハイレベル記念行事　岸田総理スピーチ,岸田文雄
1058,2023,ＳＤＧサミット　岸田総理スピーチ,岸田文雄
1059,2023,グローバル・ゴールキーパー賞授賞式　岸田総理スピーチ,岸田文雄
1060,2023,効果的な多国間主義とウクライナ情勢に関する安保理首脳級会合　岸田総理スピーチ,岸田文雄
1061,2023,Ｇ７保健フォローアップ・サイドイベント　岸田総理スピーチ,岸田文雄
1062,2023,ＵＨＣハイレベル会合　岸田総理スピーチ,岸田文雄
1063,2023,ニューヨーク経済クラブ主催による岸田総理大臣講演,岸田文雄
1064,2023,国連総会サイドイベント　訪日観光レセプション　岸田総理ビデオメッセージ,岸田文雄
1065,2023,ＳＴＳフォーラム第２０回年次総会開会式における岸田内閣総理大臣の挨拶,岸田文雄
1066,2023,ＰＲＩ　ｉｎ　Ｐｅｒｓｏｎ２０２３　における岸田内閣総理大臣の挨拶,岸田文雄
1067,2023,日米文化教育交流会議(カルコン)第30回日米合同会議　内閣総理大臣メッセージ,岸田文雄
1068,2023,第１０回「富士山会合」　岸田総理ビデオメッセージ,岸田文雄
1069,2023,日中平和友好条約４５周年に関する岸田文雄内閣総理大臣及び李強・中華人民共和国国務院総理のメッセージの交換,岸田文雄
1070,2023,第３６回東京国際映画祭オープニングセレモニー　岸田総理ビデオメッセージ,岸田文雄
1071,2023,欧州委員会主催グローバル・ゲートウェイ・フォーラム 岸田総理ビデオメッセージ,岸田文雄
1072,2023,ジョン・F・ケネディ「勇気ある人々」賞　岸田総理ビデオメッセージ,岸田文雄
1073,2023,岸田総理によるフィリピン・スター紙、マニラ・ブレティン紙、フィリピン・デイリー・インクワイアラー紙への寄稿文　「フィリピンとの“特別な友情の絆（きずな）”を祝して」,岸田文雄
1074,2023,フィリピン共和国上下両院合同セッションにおける岸田内閣総理大臣政策スピーチ,岸田文雄
1075,2023,令和５年度航空観閲式　岸田内閣総理大臣訓示,岸田文雄
1076,2023,岸田総理によるサンフランシスコ・クロニクル紙への寄稿文,岸田文雄
1077,2023,第９回日中企業家大会及び元政府高官対話（日中ＣＥＯ等サミット）　岸田総理ビデオメッセージ,岸田文雄
1078,2023,日本産水産物ＰＲイベント　岸田総理スピーチ,岸田文雄
1079,2023,インド太平洋経済枠組み（ＩＰＥＦ）首脳会合　岸田総理大臣によるスピーチ,岸田文雄
1080,2023,スタンフォード大学における日韓首脳討論会　岸田総理スピーチ,岸田文雄
1081,2023,在日インド商工協会創立１００周年記念式典　岸田総理ビデオメッセージ,岸田文雄
1082,2023,全拉致被害者の即時一括帰国を求める国民大集会における岸田内閣総理大臣の挨拶,岸田文雄
1083,2023,共同通信加盟社編集局長会議 岸田総理スピーチ,岸田文雄
1084,2023,ＣＯＰ２８における首脳級ハイレベル・セグメント　岸田総理スピーチ,岸田文雄
1085,2023,キッシンジャー元米国国務長官の逝去に関する岸田総理大臣の弔辞,岸田文雄
1086,2023,大阪・関西万博入場券販売開始イベント　岸田総理ビデオメッセージ,岸田文雄
1087,2023,Action to Zero led by Japan and UAE　岸田総理スピーチ,岸田文雄
1088,2023,「核兵器のない世界」に向けた国際賢人会議第3回会合　開会セッションにおける岸田内閣総理大臣メッセージ（石原総理大臣補佐官代読）,岸田文雄
1089,2023,「核兵器のない世界」に向けた国際賢人会議第３回会合　閉会セッションにおける岸田総理大臣の挨拶,岸田文雄
1090,2023,ジェンダー平等アドバイザリー評議会（ＧＥＡＣ）による最終報告書の提出を受けた総理メッセージ（岸田内閣総理大臣）,岸田文雄
1091,2023,岸田総理によるＪＡＰＡＮ Ｆｏｒｗａｒｄへの寄稿文「信頼に基づき共に創るインド太平洋の未来」,岸田文雄
1092,2023,セミコン・ジャパン２０２３　岸田総理ビデオメッセージ,岸田文雄
1093,2023,日ＡＳＥＡＮヤングビジネスリーダーズサミット　岸田総理ビデオメッセージ,岸田文雄
1094,2023,岸田総理によるコンパス紙への寄稿文　「信頼に基づき共に創るインド太平洋の未来」,岸田文雄
1095,2023,岸田総理によるフィリピン・スター紙、マニラ・ブレティン紙、フィリピン・デイリー・インクワイアラー紙への寄稿文　「信頼に基づき共に創るインド太平洋の未来」,岸田文雄
1096,2023,岸田総理によるストレーツ・タイムズ紙への寄稿文　「信頼に基づき共に創るインド太平洋の未来」,岸田文雄
1097,2023,岸田総理によるビエンチャン・タイムズ紙への寄稿文　「信頼に基づき共に創るインド太平洋の未来」,岸田文雄
1098,2023,岸田総理によるマティチョン紙、デイリーニュース紙への寄稿文　「信頼に基づき共に創るインド太平洋の未来」,岸田文雄
1099,2023,岸田総理による国営ベルナマ通信社への寄稿文　「信頼に基づき共に創るインド太平洋の未来」,岸田文雄
1100,2023,岸田総理によるクメール・タイムズ紙への寄稿文,岸田文雄
1101,2023,岸田総理によるボルネオ・ブレティン紙への寄稿文,岸田文雄
1102,2023,岸田総理によるトゥオイ・チェー紙への寄稿文,岸田文雄
1103,2023,岸田総理によるジャパン・タイムズ紙への寄稿文,岸田文雄
1104,2023,日本ＡＳＥＡＮ友好協力５０周年特別首脳会議　迎賓館赤坂離宮での晩餐会における岸田総理大臣挨拶　－「信頼」に基づく「共創」により目指す「平和と繁栄」－,岸田文雄
1105,2023,日本経済団体連合会・日本商工会議所共催　ASEAN首脳歓迎昼食会　岸田内閣総理大臣挨拶,岸田文雄
1106,2023,アジア・ゼロエミッション共同体（AZEC ）首脳会合における岸田総理冒頭発言,岸田文雄
1107,2023,ユース非核リーダー基金　国連主催オンライン・立ち上げ行事　岸田総理ビデオメッセージ,岸田文雄
1108,2023,内外情勢調査会全国懇談会　岸田内閣総理大臣講演,岸田文雄
1109,2024,岸田内閣総理大臣　令和６年　年頭所感,岸田文雄
1110,2024,第１１回高校生ビジネスプラン・グランプリ　岸田総理ビデオメッセージ,岸田文雄
1111,2024,内閣感染症危機管理統括庁主催シンポジウム　岸田総理ビデオメッセージ,岸田文雄
1112,2024,日本産水産物ＰＲイベント　岸田総理ビデオメッセージ,岸田文雄
1113,2024,小型月着陸実証機（ＳＬＩＭ）の月面着陸について　岸田総理ビデオメッセージ,岸田文雄
1114,2024,共生社会と人権に関するシンポジウム　岸田総理ビデオメッセージ,岸田文雄
1115,2024,世界税関機構アジア大洋州地域情報連絡事務所開所式　岸田総理ビデオメッセージ,岸田文雄
1116,2024,岸田文雄内閣総理大臣　２０２４年春節祝辞,岸田文雄
1117,2024,「建国記念の日」を迎えるに当たっての内閣総理大臣メッセージ,岸田文雄
1118,2024,ＩＥＡ閣僚理事会　岸田総理ビデオメッセージ,岸田文雄
1119,2024,日・ウクライナ経済復興推進会議における岸田総理大臣基調講演,岸田文雄
1120,2024,デジタル・スペース・カンファレンス２０２４　岸田総理大臣ビデオメッセージ,岸田文雄
1121,2024,第5回東京グローバルダイアログ岸田総理大臣挨拶,岸田文雄
1122,2024,国民の皆様へ（岸田内閣総理大臣）,岸田文雄
1123,2024,日本医師会赤ひげ大賞表彰式　岸田総理ビデオメッセージ,岸田文雄
1124,2024,ＦＩＮ／ＳＵＭ２０２４　岸田総理ビデオメッセージ,岸田文雄
1125,2024,第４回帰国留学生総会　岸田総理ビデオメッセージ,岸田文雄
1126,2024,ライシナ東京・ラウンドテーブル　岸田総理ビデオメッセージ,岸田文雄
1127,2024,「国際女性の日」に当たっての岸田内閣総理大臣ビデオメッセージ,岸田文雄
1128,2024,マルルーニー・カナダ元首相の逝去に際しての岸田総理大臣による弔意書簡の発出,岸田文雄
1129,2024,日本チェーンドラッグストア協会２５周年記念式典　岸田総理ビデオメッセージ,岸田文雄
1130,2024,「東日本大震災追悼復興祈念式」における内閣総理大臣追悼の辞,岸田文雄
1131,2024,第９回「ジャパン・ベトナム・フェスティバル開会式」岸田総理ビデオメッセージ,岸田文雄
1132,2024,第９６回米国アカデミー賞における日本映画の受賞を祝す内閣総理大臣からのメッセージ,岸田文雄
1133,2024,北陸新幹線金沢・敦賀間しゅん功開業式・祝賀並びにＩＲいしかわ鉄道開業祝賀会　岸田総理ビデオメッセージ,岸田文雄
1134,2024,北陸新幹線金沢・敦賀間しゅん功開業式・祝賀会及びハピラインふくい開業祝賀会　岸田総理ビデオメッセージ,岸田文雄
1135,2024,民主主義のためのサミット　岸田総理ビデオメッセージ,岸田文雄
1136,2024,陸上自衛隊高等工科学校卒業式　岸田総理ビデオメッセージ,岸田文雄
1137,2024,第３回民主主義のためのサミット　ナショナルステートメント（コミットメント）　岸田総理ビデオメッセージ,岸田文雄
1138,2024,第1回原子力エネルギーサミットにおける岸田総理メッセージ（高村外務大臣政務官代読）,岸田文雄
1139,2024,令和５年度　防衛大学校卒業式　内閣総理大臣訓示,岸田文雄
1140,2024,第７４回社会を明るくする運動　岸田総理ビデオメッセージ,岸田文雄
1141,2024,第５８回国家公務員合同初任研修　岸田内閣総理大臣訓示,岸田文雄
1142,2024,台湾東部で発生した地震を受けた岸田内閣総理大臣によるお見舞いメッセージ,岸田文雄
1143,2024,米国連邦議会上下両院合同会議における岸田内閣総理大臣演説,岸田文雄
1144,2024,大阪・関西万博 開幕１年前イベント 岸田総理メッセージ,岸田文雄
1145,2024,オマーンにおける洪水被害に対する岸田総理大臣のお見舞いメッセージの発出,岸田文雄
1146,2024,アラブ首長国連邦における洪水被害に対する岸田総理大臣のお見舞いメッセージの発出,岸田文雄
1147,2024,人口戦略シンポジウム　岸田総理ビデオメッセージ,岸田文雄
1148,2024,ＩＦＣＭＡ閣僚対話　岸田総理スピーチ,岸田文雄
1149,2024,生成ＡＩに関するサイドイベント　岸田総理スピーチ,岸田文雄
1150,2024,ＯＥＣＤ閣僚理事会開会式における議長国基調演説（岸田内閣総理大臣）,岸田文雄
1151,2024,東南アジア地域プログラム１０周年記念式典　岸田総理スピーチ,岸田文雄
1152,2024,日・パラグアイ・ビジネスフォーラム及び協力覚書発表式における岸田総理挨拶,岸田文雄
1153,2024,ＡＢＣ Ｃｏｌｏｒ紙による岸田総理への書面インタビュー,岸田文雄
1154,2024,岸田総理によるフォーリャ・デ・サンパウロ紙への寄稿文,岸田文雄
1155,2024,サンパウロ大学における対中南米政策スピーチ（岸田内閣総理大臣）,岸田文雄
1156,2024,日・ブラジル・ビジネスフォーラムにおける岸田総理挨拶,岸田文雄
1157,2024,セイエド・エブラヒーム・ライースィ・イラン・イスラム共和国大統領の御逝去に関する岸田内閣総理大臣の談話,岸田文雄
1158,2024,ライースィ・イラン大統領及びアブドラヒアン・イラン外相の逝去を受けた岸田総理大臣による弔意メッセージ,岸田文雄
1159,2024,AIソウル・サミット 首脳セッション　岸田文雄内閣総理大臣ビデオメッセージ,岸田文雄
1160,2024,日経フォーラム第２９回「アジアの未来」晩さん会　岸田総理スピーチ,岸田文雄
1161,2024,日中韓ビジネスサミット　岸田総理スピーチ,岸田文雄
1162,2024,日ウクライナ官民ラウンドテーブル　岸田総理ビデオメッセージ,岸田文雄
1163,2024,岸田総理によるコリエレ・デッラ・セーラ紙への寄稿文,岸田文雄
1164,2024,ウクライナの平和に関するサミットオープニング全体会合　岸田総理スピーチ,岸田文雄
1165,2024,令和６年沖縄全戦没者追悼式における内閣総理大臣挨拶,岸田文雄
1166,2024,ＧＸ推進機構開所式　岸田総理ビデオメッセージ,岸田文雄
1167,2024,岸田総理によるドイツ「ハンデルスブラット」紙への寄稿文,岸田文雄
1168,2024,「共に歩む」 ー ジャパン・タイムズ紙への岸田総理大臣寄稿,岸田文雄
1169,2024,ＰＡＬＭ１０認定記念事業　岸田総理ビデオメッセージ,岸田文雄
1170,2024,日本経済団体連合会夏季フォーラム２０２４　岸田内閣総理大臣講演,岸田文雄
1171,2024,「佐渡島の金山」世界文化遺産登録に当たっての岸田内閣総理大臣メッセージ,岸田文雄
1172,2024,広島市原爆死没者慰霊式並びに平和祈念式挨拶,岸田文雄
1173,2024,長崎原爆犠牲者慰霊平和祈念式典挨拶（岸田内閣総理大臣）,岸田文雄
1174,2024,ベトナムフェスティバルｉｎ札幌２０２４　岸田総理ビデオメッセージ,岸田文雄
1175,2024,令和６年度全国戦没者追悼式総理大臣式辞（岸田内閣総理大臣）,岸田文雄
1176,2024,ユース非核リーダー基金　訪日プログラム開始式　岸田総理ビデオメッセージ,岸田文雄
1177,2024,ＷｅｂＸ２０２４　岸田総理ビデオメッセージ,岸田文雄
1178,2024,経団連・ジョブ型人事説明会　総理ビデオメッセージ,岸田文雄
1179,2024,第４回クリミア・プラットフォーム首脳会合　岸田総理ビデオメッセージ,岸田文雄
1180,2024,World Skills International２０２４　岸田総理ビデオメッセージ,岸田文雄
1181,2024,日本商工会議所　第１３９回通常会員総会　岸田総理ビデオメッセージ,岸田文雄
1182,2024,日米豪印首脳会合サイドイベント「日米豪印がんムーンショット」　岸田総理スピーチ,岸田文雄
1183,2024,未来サミットにおける岸田文雄内閣総理大臣による演説,岸田文雄
1184,2024,日米観光イベントにおける岸田総理挨拶,岸田文雄
1185,2024,ＦＭＣＴフレンズ・ハイレベル立ち上げ会合における岸田総理挨拶,岸田文雄
1186,2024,日米の資産運用会社との意見交換における岸田総理挨拶,岸田文雄
1187,2024,第５７回日本薬剤師会学術大会　岸田総理ビデオメッセージ,岸田文雄
1188,2024,HeForSheサミット２０２４　岸田総理ビデオメッセージ,岸田文雄
1189,2024,国連総会ハイレベル会合サイドイベント　ＡＭＲに関する世界的アクション：ＵＨＣにおける健康長寿と持続可能性の促進　岸田総理ビデオメッセージ,岸田文雄
1190,2024,ツーリズム・エキスポ・ジャパン２０２４　岸田総理ビデオメッセージ,岸田文雄
1191,2024,第７９回国連総会における岸田内閣総理大臣一般討論演説（山﨑和之国連大使代読）,岸田文雄
1192,2024,内閣総理大臣談話（石破茂内閣総理大臣）,石破茂
1193,2024,石破首相によるビエンチャンタイムズへの寄稿「日本とASEANは『信頼できるパートナー』として未来を共に創る」,石破茂
1194,2024,ＪＥＴＲＯキーウ事務所開所式　石破総理ビデオメッセージ,石破茂
1195,2024,大阪・関西万博半年前イベント　石破総理ビデオメッセージ,石破茂
1196,2024,Ｇ－ＺＥＲＯサミット　石破総理ビデオメッセージ,石破茂
1197,2024,防衛省・自衛隊７０周年記念観閲式　石破内閣総理大臣訓示,石破茂
1198,2024,内閣総理大臣談話（石破茂内閣総理大臣）,石破茂
1199,2024,ＡＰＥＣ首脳会議出席に際しての石破総理によるエル・コメルシオ紙への寄稿文　太平洋を越えた日本とペルーの団結の絆～未来に向かって～,石破茂
1200,2024,内閣総理大臣謹話（石破茂内閣総理大臣）,石破茂
1201,2024,第１１回「富士山会合」　石破総理ビデオメッセージ,石破茂
1202,2024,Ｇ２０リオデジャネイロ・サミット出席に際しての石破総理によるオ・グローボ紙への寄稿文「日・ブラジル関係の新たな章の幕開けへ　１３０年の友情と国際協力」,石破茂
1203,2024,在ペルー日系人との懇談における石破総理挨拶,石破茂
1204,2024,在リオデジャネイロ日系人・在留邦人との懇談における石破総理挨拶,石破茂
1205,2024,第６４回商工会全国大会　石破総理ビデオメッセージ,石破茂
1206,2024,犯罪被害者週間　石破総理ビデオメッセージ,石破茂
1207,2024,犯罪被害者週間　石破総理ビデオメッセージ,石破茂
1208,2024,ＮｏｍｕｒａＩｎｖｅｓｔｍｅｎｔＦｏｒｕｍ　２０２４石破総理ビデオメッセージ,石破茂
1209,2024,ＪＦ（漁業協同組合）全国代表者集会　石破総理ビデオメッセージ,石破茂
1210,2024,「伝統的酒造り」のユネスコ無形文化遺産登録に当たっての内閣総理大臣メッセージ,石破茂
1211,2024,セミコン・ジャパン２０２４　石破総理ビデオメッセージ,石破茂
1212,2024,農林水産物等輸出促進全国協議会総会　石破総理ビデオメッセージ,石破茂
1213,2025,韓国における旅客機事故に関する石破総理大臣によるお見舞いメッセージの発出,石破茂
1214,2024,ジミー・カーター第３９代米国大統領の逝去に関する石破内閣総理大臣の談話,石破茂
1215,2025,石破内閣総理大臣　令和７年　年頭所感,石破茂
1216,2025,マレーシア訪問に際しての石破総理による国営ベルナマ通信社への寄稿文,石破茂
1217,2025,インドネシア訪問に際しての石破総理によるコンパス紙への寄稿文,石破茂
1218,2025,いしかわ伝統工芸フェア３０周年特別展開会セレモニー石破総理ビデオメッセージ,石破茂
1219,2025,日本生活協同組合連合会等２０２５年賀詞交歓会　石破総理ビデオメッセージ,石破茂
1220,2025,第１２回高校生ビジネスプラン・グランプリ 石破総理ビデオメッセージ,石破茂
1221,2025,日本創生に向けた人口戦略フォーラムｉｎみやぎ　石破総理ビデオメッセージ,石破茂
1222,2025,石破茂内閣総理大臣　２０２５年春節祝辞,石破茂
1223,2025,米国バージニア州における航空機事故を受けた石破総理大臣発トランプ大統領宛お見舞いメッセージの発出,石破茂
1224,2025,内閣総理大臣のコメント（Ｈ３ロケット５号機による「みちびき６号機」の打上げ成功について）（石破茂内閣総理大臣）,石破茂
1225,2025,令和７年北方領土返還要求全国大会　石破総理ビデオメッセージ,石破茂
1226,2025,「建国記念の日」を迎えるに当たっての内閣総理大臣メッセージ（石破茂内閣総理大臣）,石破茂
1227,2025,ウクライナ支援に関する首脳会合　石破総理ステートメント,石破茂
1228,2025,岩手県大船渡市の林野火災に関する関係閣僚会議での発言（石破茂内閣総理大臣）,石破茂
1229,2025,広島ＡＩプロセス・フレンズグループ会合　石破総理ビデオメッセージ,石破茂
1230,2025,国民の皆様へ（石破茂内閣総理大臣）,石破茂
1231,2025,第５回帰国留学生総会　石破総理ビデオメッセージ,石破茂
1232,2025,ＦＩＮ／ＳＵＭ ２０２５　石破総理ビデオメッセージ,石破茂
1233,2025,日ラオス外交関係樹立70周年に際する石破総理大臣メッセージ,石破茂
1234,2025,復興推進会議・原子力災害対策本部会議合同会合での発言（石破茂内閣総理大臣）,石破茂
1235,2025,「国際女性の日」に当たっての石破内閣総理大臣ビデオメッセージ,石破茂
1236,2025,令和６年度防衛医科大学校卒業式　石破内閣総理大臣ビデオメッセージ,石破茂
1237,2025,「東日本大震災追悼復興祈念式」における内閣総理大臣追悼の辞,石破茂
1238,2025,陸上自衛隊高等工科学校卒業式　石破総理ビデオメッセージ,石破茂
1239,2025,令和６年度　防衛大学校卒業式　内閣総理大臣訓示（石破茂内閣総理大臣）,石破茂
1240,2025,硫黄島戦没者慰霊追悼顕彰式における内閣総理大臣追悼の辞（石破茂内閣総理大臣）,石破茂
1241,2025,日米硫黄島戦没者合同慰霊追悼顕彰式における内閣総理大臣追悼の言葉（石破茂内閣総理大臣）,石破茂
1242,2025,第７５回　“社会を明るくする運動”　〜犯罪や非行を防止し、立ち直りを支える地域のチカラ〜（石破茂内閣総理大臣）,石破茂
1243,2025,大阪・関西博万博開会式における石破内閣総理大臣挨拶,石破茂
1244,2025,政労会見における冒頭挨拶（石破茂内閣総理大臣）,石破茂
1245,2025,アーミテージ元国務副長官の逝去に際する石破内閣総理大臣の弔辞,石破茂
1246,2025,ローマ教皇フランシスコ台下の崩御に関する石破内閣総理大臣の談話,石破茂
1247,2025,カシミールにおけるテロ事件に対する石破内閣総理大臣によるお見舞いメッセージの発出,石破茂
1248,2025,ベトナム訪問に際しての石破総理によるトゥオイ・チェー紙への寄稿文「日本はベトナムの発展とともに歩む」,石破茂
1249,2025,ハイテク・ＧＸ・半導体分野における高付加価値産業創出に向けた日越協力フォーラム　石破総理挨拶,石破茂
1250,2025,フィリピン訪問に際しての石破総理によるフィリピン・スター紙、マニラ・ブレティン紙、フィリピン・デイリー・インクワイアラー紙への寄稿文「日本とフィリピンの戦略的パートナーシップのより一層の深化に向けて」,石破茂
1251,2025,三海域イニシアティブ首脳会合　石破総理メッセージ,石破茂
1252,2025,ジョセフ・ナイ米国ハーバード大学教授の逝去に際する石破内閣総理大臣の弔辞,石破茂
1253,2025,アフリカデー祝賀夕食会　石破総理メッセージ,石破茂
1254,2025,第３回国連海洋会議サイドイベント　持続可能な海洋の実現に向けた社会協働と国際連携　石破総理ビデオメッセージ,石破茂
1255,2025,インド西部グジャラート州における旅客機事故に対する石破内閣総理大臣によるお見舞いメッセージの発出,石破茂
1256,2025,Ｇ７カナナスキス・サミット出席に際しての石破総理によるグローブ・アンド・メール紙への寄稿文,石破茂
1257,2025,ジャパン・イノベーション・ナイト　石破総理ビデオメッセージ,石破茂
1258,2025,内閣総理大臣談話（石破茂内閣総理大臣）,石破茂
